smiles,CH4_Permeability_Barrer
*CC(*)(F)F,0.02
*CC(*)(C)C(=O)OCC,0.346999996
*CC(*)(C)C(=O)OCCOCC,1.229999999
*CC(C)O*,4.09
*Sc1ccc(*)cc1,0.0523
*C*,5.269999997
*CC(*)CC(C)C,19.79999999
*CC(*)c1ccc(F)cc1,1.059999999
*CC(*)c1ccncc1,0.140000001
*CC(*)C(=O)OCC,14.89999999
*CC(*)C(=O)OCCCCCCCCCCCCCC,65.10000006
*CC(*)(C)C(=O)OC,0.00467
*CC(*)Cl,0.0275
*CC(CCl)O*,0.657000001
*Oc1ccc(*)cc1,51.90000002
*Oc1c(C)cc(*)cc1C,4.09
*Oc1c(-c2ccccc2)cc(*)cc1-c1ccccc1,2.269999999
*OC(C)C(*)=O,1.0
*c1ccc(Oc2ccc(-n3c(=O)c4cc5c(=O)n(*)c(=O)c5cc4c3=O)cc2)cc1,0.0473
*c1ccc(Cc2ccc(-n3c(=O)c4cc5c(=O)n(*)c(=O)c5cc4c3=O)cc2)cc1,0.075800001
*C(=O)c1ccc2c(c1)C(=O)N(c1ccc(Oc3ccc(N4C(=O)c5ccc(*)cc5C4=O)cc3)cc1)C2=O,0.0109
*C(=O)c1ccc2c(c1)C(=O)N(c1ccc(C(c3ccc(N4C(=O)c5ccc(*)cc5C4=O)cc3)(C(F)(F)F)C(F)(F)F)cc1)C2=O,0.191000001
*Oc1ccc(C2(c3ccc(OC(*)=O)cc3)c3ccccc3-c3ccccc32)cc1,0.580999997
*Oc1ccc(C(=C(Cl)Cl)c2ccc(OC(*)=O)cc2)cc1,0.232999999
*C=CC1CC(*)C(C(F)(F)F)(C(F)(F)F)C1(F)F,9.540000007
*C(C)=C(*)SCC,20.00000002
*C(F)(F)C(F)(F)C(F)(F)C(*)(F)C(F)(F)F,10.0
*C(C)=C(*)CCC,21.00000001
*c1ccc(-c2nnc(*)o2)cc1,3.580000003
*Nc1ccc(C2(c3ccc(NC(=O)c4ccc(C(*)=O)cc4)cc3)c3ccccc3-c3ccccc32)cc1,0.548000002
*c1ccc(Oc2cccc(-n3c(=O)c4cc5c(=O)n(*)c(=O)c5cc4c3=O)c2)cc1,0.0258
*c1c(C)cc(C)c(N2C(=O)c3ccc(-c4ccc5c(c4)C(=O)N(*)C5=O)cc3C2=O)c1C,8.040000005
*c1cccc(Oc2cccc(-n3c(=O)c4cc5c(=O)n(*)c(=O)c5cc4c3=O)c2)c1,0.008
*C=CC1CC(*)c2c1c(O)n(-c1cc(C(F)(F)F)cc(C(F)(F)F)c1)c2O,4.28
*c1ccc(*)n1C,0.22
*c1cccc(-c2nc3cc(-c4ccc5[nH]c(*)nc5c4)ccc3[nH]2)c1,0.0018
*CC(*)c1ccccc1,0.785000006
*CC(*)c1ccc(C)cc1,2.200000001
*/C(=C(/*)c1ccc([Si](C(C)C)(C(C)C)C(C)C)cc1)c1ccccc1,240.0000002
*/C(=C(/*)c1ccc([Si](C)(C)C)cc1)c1ccc(-c2ccc(C(C)(C)C)cc2)cc1,729.9999998
*/C(=C(/*)c1ccc([Si](C)(C)C)cc1)c1ccccc1,1500.0
*/C(=C(/*)c1ccc([Si](c2ccccc2)(c2ccccc2)c2ccccc2)cc1)c1ccccc1,5.580000001
*/C(=C(/*)c1ccc2c(c1)-c1cc([Si](C)(C)C)ccc1C2(C)C)c1ccccc1,19000.0
*/C(=C(/*)c1ccc2c(c1)-c1ccccc1C2(C)C)c1ccccc1,940.0000009
*/C(=C(/*)c1ccc2c(c1)-c1ccccc1C21CC1)c1ccc([Si](C)(C)C)cc1,499.9999996
*/C(=C(/*)c1ccc2c(c1)-c1ccccc1C21CC1)c1ccccc1,1559.999999
*/C(=C(/*)c1ccc2c(c1)C(C)(C)C(C)(C)C2(C)C)c1ccccc1,24200.0
*/C(=C(/*)c1ccc2c(c1)C(C)(C)CC2(C)C)c1cc(F)cc(F)c1,29100.0
*/C(=C(/*)c1ccc2c(c1)C(C)(C)CC2(C)C)c1ccc(Br)cc1,22399.99998
*/C(=C(/*)c1ccc2c(c1)C(C)(C)CC2(C)C)c1ccc(C)cc1,10100.00001
*/C(=C(/*)c1ccc2c(c1)C(C)(C)CC2(C)C)c1ccc(Cl)cc1,22699.99999
*/C(=C(/*)c1ccc2c(c1)C(C)(C)CC2(C)C)c1ccc(F)c(F)c1,34999.99997
*/C(=C(/*)c1ccc2c(c1)C(C)(C)CC2(C)C)c1ccc(F)cc1,34300.0
*/C(=C(/*)c1ccc2c(c1)C(C)(C)CC2(C)C)c1ccc([Si](C)(C)C)cc1,470.0000001
*/C(=C(/*)c1ccc2c(c1)C(C)(C)CC2(C)C)c1ccccc1,27200.0
*/C(=C(/*)c1ccc2c(c1)C(C)(C)CCC2(C)C)c1ccccc1,6600.000007
*/C(=C(/*)c1ccc2c(c1)CCC2)c1ccc([Si](C)(C)C)cc1,59.99999995
*/C(=C(/*)c1ccc2c(c1)Cc1ccccc1-2)c1ccc([Si](C)(C)C)cc1,2000.000002
*/C(=C(/*)c1ccc2c(c1)Cc1ccccc1-2)c1ccccc1,2400.000002
*/C(=C(/*)c1ccc2c(ccc3ccccc32)c1)c1ccc([Si](C)(C)C)cc1,499.9999996
*/C(=C(/*)c1ccc2c(ccc3ccccc32)c1)c1ccccc1,1449.999999
*/C(=C(/*)c1cccc(-c2ccc(C(C)(C)C)cc2)c1)c1ccccc1,190.0
*/C(=C(/*)c1cccc(-c2ccccc2)c1)c1ccccc1,169.9999999
*/C(=C(/*)c1cccc([Si](C)(C)C)c1)c1ccccc1,850.0000006
*/C(=C(/*)c1ccccc1F)c1ccc2c(c1)C(C)(C)CC2(C)C,27800.00001
*/C(C)=C(/*)CC(C)C,190.0
*/C(C)=C(/*)CCC(C)C,112.0000001
*/C(C)=C(/*)[Si](C)(C)C(C)C,360.0000002
*/C(C)=C(/*)[Si](C)(C)CC,1200.0
*/C(C)=C(/*)[Si](C)(C)CCC,43.99999995
*/C(C)=C(/*)[Si](C)(C)CCCC,16.99999999
*/C(C)=C(/*)[Si](C)(C)CCCCC,12.99999999
*/C(C)=C(/*)[Si](C)(C)c1ccccc1,1.699999999
*/C(C)=C(/*)c1ccccc1,2.799999998
*/C(CC)=C(/*)c1ccccc1,4.399999995
*/C(CCCCCC)=C(/*)c1ccccc1,14.00000001
*/C(Cl)=C(/*)CCCC,4.399999995
*/C(Cl)=C(/*)CCCCCC,33.00000001
*/C(Cl)=C(/*)c1ccccc1,1.299999999
*/C=C(/*)C(C)(C)C,85.00000006
*/C=C(/*)c1ccc(-c2ccc([Si](C)(C)C)cc2)cc1,450.0000002
*/C=C(/*)c1ccc(C[Si](C)(C)C)cc1,120.0
*/C=C(/*)c1ccc(O[Si](C)(C)C(C)(C)C)cc1,12.0
*/C=C(/*)c1ccccc1,5.200000004
*/C=C(/*)c1ccccc1C,3.000000002
*/C=C(/*)c1ccccc1C(F)(F)F,6.600000007
*=CC1CCC(C=*)C1,2.500000002
*=NP(=NP(=*)(Cl)Oc1cc(C(C)(C)C)cc(C(C)(C)C)c1)(Oc1cc(C(C)(C)C)cc(C(C)(C)C)c1)Oc1cc(C(C)(C)C)cc(C(C)(C)C)c1,4.999999996
*=NP(=NP(=*)(OCC(C)(C)C)Oc1ccccc1)(Oc1ccccc1)Oc1ccccc1,8.999999991
*=NP(=NP(=*)(Oc1ccc(OC)cc1)Oc1ccccc1CC=C)(OCCCOCCOC)Oc1ccc(OC)cc1,11.0
*=NP(=NP(=*)(Oc1ccccc1)Oc1ccc([Si](C)(C)C)cc1)(Oc1ccc(Br)cc1)Oc1ccc([Si](C)(C)C)cc1,23.3
*=NP(=NP(=*)(Oc1ccccc1)Oc1ccc([Si](C)(C)c2ccccc2)cc1)(Oc1ccc(Br)cc1)Oc1ccc([Si](C)(C)c2ccccc2)cc1,5.800000006
*=NP(=NP(=*)(Oc1ccccc1)Oc1ccc([Si](C)(c2ccccc2)c2ccccc2)cc1)(Oc1ccc(Br)cc1)Oc1ccc([Si](C)(c2ccccc2)c2ccccc2)cc1,0.430000004
*C(=C(*)c1ccc(C(C)(C)C)cc1)c1ccc(O)cc1,46.00000003
*C(=C(*)c1ccc(C(C)(C)C)cc1)c1ccc(O[Si](C)(C)C(C)(C)C)cc1,540.0000002
*C(=C(*)c1ccc([Si](C)(C)C)cc1)c1ccc(O[Si](C)(C)C(C)(C)C)cc1,1100.0
*C(=C(*)c1ccc2c(c1)C(C)(C)c1cc(Br)ccc1-2)c1ccccc1,3000.000002
*C(=C(*)c1ccc2c(c1)C(C)(C)c1cc([Si](C)(C)C)ccc1-2)c1ccccc1,10000.0
*C(=C(*)c1ccc2c(c1)C(C)(C)c1ccccc1-2)c1cc(F)cc(F)c1,4199.999996
*C(=C(*)c1ccc2c(c1)C(C)(C)c1ccccc1-2)c1ccc(Br)cc1,9300.00001
*C(=C(*)c1ccc2c(c1)C(C)(C)c1ccccc1-2)c1ccc(C(C)(C)C)cc1,6600.000007
*C(=C(*)c1ccc2c(c1)C(C)(C)c1ccccc1-2)c1ccc(F)c(F)c1,12000.0
*C(=C(*)c1ccc2c(c1)C(C)(C)c1ccccc1-2)c1ccc(F)cc1,11000.0
*C(=C(*)c1ccc2c(c1)C(C)(C)c1ccccc1-2)c1ccc([Si](C)(C)C)cc1,549.9999994
*C(=C(*)c1ccc2c(c1)C(C)(C)c1ccccc1-2)c1cccc(F)c1,11000.0
*C(=C(*)c1ccc2c(c1)C(C)(C)c1ccccc1-2)c1ccccc1,9099.999993
*C(=C(*)c1ccc2c(c1)C1(CC1)c1ccccc1-2)c1ccc([Si](C)(C)C)cc1,1500.0
*C(=C(*)c1ccc2c(c1)C1(CC1)c1ccccc1-2)c1ccccc1,810.0000002
*C(=C(*)c1cccc(O)c1)c1ccc(C(C)(C)C)cc1,490.0
*C(=C(*)c1cccc(O[Si](C)(C)C(C)(C)C)c1)c1ccc(C(C)(C)C)cc1,3300.000001
*C(=C(*)c1cccc(O[Si](C)(C)C(C)(C)C)c1)c1ccc([Si](C)(C)C)cc1,1100.0
*C(=O)COc1c(Br)cc(C(C)(C)c2cc(Br)c(OC(=O)c3cc(*)cc(C(C)(C)C)c3)c(Br)c2)cc1Br,0.852999998
*C(=O)COc1c(Br)cc(C(c2cc(Br)c(OC(=O)c3cc(*)cc(C(C)(C)C)c3)c(Br)c2)(C(F)(F)F)C(F)(F)F)cc1Br,3.359999997
*C(=O)COc1c(Br)cc2c(c1Br)C(C)(C)c1cc(Br)c(OC(=O)c3cc(*)cc(C(C)(C)C)c3)c(Br)c1-2,2.77
*C(=O)Nc1ccc(C2(c3ccc(NC(=O)c4cc(*)cc(C(C)(C)C)c4)cc3)c3ccccc3-c3ccccc32)cc1,1.549999999
*C(=O)Oc1c(Br)cc(C(C)(C)c2cc(Br)c(OC(=O)c3cc(*)cc(C(C)(C)C)c3)c(Br)c2)cc1Br,0.852999998
*C(=O)Oc1c(Br)cc(C2(c3cc(Br)c(OC(=O)c4cc(*)cc(C(C)(C)C)c4)c(Br)c3)OC(=O)c3ccccc32)cc1Br,1.09
*C(=O)Oc1c(Br)cc(C2(c3cc(Br)c(OC(=O)c4cc(*)cc(C(C)(C)C)c4)c(Br)c3)c3ccccc3-c3ccccc32)cc1Br,2.77
*C(=O)Oc1ccc(C(C)(C)c2ccc(OC(=O)c3cc(*)cc(C(C)(C)C)c3)cc2)cc1,1.429999998
*C(=O)Oc1ccc(C(c2ccc(OC(=O)c3cc(*)cc(C(C)(C)C)c3)cc2)(C(F)(F)F)C(F)(F)F)cc1,3.470000002
*C(=O)Oc1ccc(C2(c3ccc(OC(=O)c4cc(*)cc(C(C)(C)C)c4)cc3)OC(=O)c3ccccc32)cc1,1.159999999
*C(=O)Oc1ccc(C2(c3ccc(OC(=O)c4cc(*)cc(C(C)(C)C)c4)cc3)c3ccccc3-c3ccccc32)cc1,2.38
*C(=O)c1ccc(-c2ccc(C(=O)c3ccc(Oc4ccc(S(=O)(=O)c5ccc(Oc6ccc(*)cc6)cc5)cc4)cc3)cc2)cc1,0.120000001
*C(=O)c1ccc(-c2nc3cc(C(c4ccc5oc(-c6ccc(*)cc6)nc5c4)(C(F)(F)F)C(F)(F)F)ccc3o2)cc1,0.183
*C(=O)c1ccc(C(c2ccc(C(=O)c3ccc(Oc4ccc(C(c5ccc(Oc6ccc(*)cc6)cc5)(C(F)(F)F)C(F)(F)F)cc4)cc3)cc2)(C(F)(F)F)C(F)(F)F)cc1,0.477000001
*C(=O)c1ccc(Oc2ccc(Oc3ccc(*)cc3)cc2)cc1,0.0311
*C(=O)c1ccc(Oc2ccc(Oc3ccc(*)cc3)cc2-c2cc(C(F)(F)F)cc(C(F)(F)F)c2)cc1,0.380000003
*C(=O)c1ccc(Oc2ccc(Oc3ccc(*)cc3)cc2-c2cccc(C(F)(F)F)c2)cc1,0.041
*C(=O)c1ccc2c(c1)C(=O)N(c1ccc(-c3ccc(Oc4ccc(C5(c6ccc(Oc7ccc(-c8ccc(N9C(=O)c%10ccc(*)cc%10C9=O)cc8)cc7C(F)(F)F)cc6)C(=O)N(c6ccccc6)c6ccccc65)cc4)c(C(F)(F)F)c3)cc1)C2=O,0.620000001
*C(=O)c1ccc2c(c1)C(=O)N(c1ccc(C(c3ccc(N4Cc5ccc(*)cc5C4=O)cc3)(C(F)(F)F)C(F)(F)F)cc1)C2=O,0.226
*C(=O)c1ccc2c(c1)C(=O)N(c1ccc(N(c3ccccc3)c3ccc(N4C(=O)c5ccc(*)cc5C4=O)cc3)cc1)C2=O,0.093
*C(=O)c1ccc2c(c1)C(=O)N(c1ccc(Oc3ccc(C(c4ccc(Oc5ccc(N6C(=O)c7ccc(*)cc7C6=O)cc5)cc4)(C(F)(F)F)C(F)(F)F)cc3)cc1)C2=O,0.105
*C(=O)c1ccc2c(c1)C(=O)N(c1ccc(Oc3ccc(C(c4ccc(Oc5ccc(N6C(=O)c7ccc(*)cc7C6=O)cc5C(F)(F)F)cc4)(C(F)(F)F)C(F)(F)F)cc3)c(C(F)(F)F)c1)C2=O,0.188999998
*C(=O)c1ccc2c(c1)C(=O)N(c1ccc(Oc3ccc(C(c4ccc(Oc5ccc(N6Cc7ccc(*)cc7C6=O)cc5)cc4)(C(F)(F)F)C(F)(F)F)cc3)cc1)C2=O,0.105
*C(=O)c1ccc2c(c1)C(=O)N(c1ccc(Oc3ccc(C(c4ccc(Oc5ccc(N6Cc7ccc(*)cc7C6=O)cc5C(F)(F)F)cc4)(C(F)(F)F)C(F)(F)F)cc3)c(C(F)(F)F)c1)C2=O,0.188999998
*C(=O)c1ccc2c(c1)C(=O)N(c1ccc(Oc3ccc(N4Cc5ccc(*)cc5C4=O)cc3)cc1)C2=O,0.0109
*C(=O)c1ccc2c(c1)C(=O)N(c1cccc(C(c3cccc(N4C(=O)c5ccc(*)cc5C4=O)c3)(C(F)(F)F)C(F)(F)F)c1)C2=O,0.014
*C(=O)c1ccc2c(c1)C(=O)N(c1cccc(N3C(=O)c4ccc(*)cc4C3=O)c1)C2=O,0.0086
*C(C)=C(*)C(C)C,2799.999998
*C(C)=C(*)CCCCC,50.99999999
*C(C)=C(*)CCCCCC,64.0
*C(C)=C(*)CCCCCCC,83.99999999
*C(C)=C(*)CCCCCCCC,82.99999993
*C(C)=C(*)SCCCC,89.00000007
*C(C)=C(*)SCCCCCC,45.00000002
*C(C)=C(*)SCCCCCCCC,47.99999996
*C(C)=C(*)SCCCCCCCCCC,58.00000006
*C(C)=C(*)[Si](C)(C)C,15300.00001
*C(C)=C(*)c1ccc([Si](C)(C)C)cc1,1600.000001
*C(Cl)=C(*)c1ccccc1,2.6
*C(F)(F)C(F)(F)C1(F)C(F)(F)C(*)(F)OC(F)(F)C1(F)F,2.000000002
*C(F)(F)C(F)(F)CC1(F)OC(F)(F)OC1(*)OC(F)(F)F,12.0
*C1C(*)C2CC1C1C2C([Si](C)(C)C)C1[Si](C)(C)C,3320.000002
*C1C(*)C2CC1C1CC([Si](C)(C)C)C21,2159.999999
*C1C(*)C2CC1C1CC([Si](O[Si](C)(C)C)(O[Si](C)(C)C)O[Si](C)(C)C)C21,1250.0
*C1C2CC(C1*)C([Si](C)(C)C)C2,930.000001
*C=C(*)C(C)(C)C,160.0000001
*C=CC1CC(*)c2c1c(O)n(C13CC4CC(CC(C4)C1)C3)c2O,0.579999995
*C=CC1CC(*)c2c1c(O)n(C1CCCC1)c2O,0.54
*C=CC1CC(*)c2c1c(O)n(C1CCCCC1)c2O,0.800000006
*C=CC1CC(*)c2c1c(O)n(-c1c(F)c(F)c(F)c(F)c1F)c2O,1.37
*C=CC1CC(*)c2c1c(O)n(-c1ccccc1)c2O,0.54
*C=CC1CC(*)C2C1C([Si](O[Si](C)(C)C)(O[Si](C)(C)C)O[Si](C)(C)C)C2[Si](O[Si](C)(C)C)(O[Si](C)(C)C)O[Si](C)(C)C,300.0000002
*C=CC1CC(*)CC1[Si](C)(C)C,16.99999999
*C=CC1CC(*)CC1[Si](C)(C)C[Si](C)(C)C,8.500000006
*C=CC1OC(C=CC2CC(*)c3c2c(O)n(-c2ccccc2)c3O)c2c1c(O)n(-c1c(F)c(F)c(F)c(F)c1F)c2O,0.639999994
*C=CC1OC(*)c2c1c(O)n(-c1c(F)c(F)c(F)c(F)c1F)c2O,1.129999999
*CC(F)(F)C(F)(F)C1(F)OC(C(F)(F)F)(C(F)(F)F)OC1(*)F,390.0
*CC(*)(C)C(=O)CC(F)(F)C(F)(F)C(F)(F)C(F)(F)C(F)(F)C(F)(F)C(F)(F)F,14.00000001
*CC(*)(C)C(=O)OC(C)(C)C,0.718999999
*CC(*)(C)C(=O)OCCOCCOCC,11.39999999
*CC(*)(C)C(=O)OCCOCCOCCOCC,4.799999996
*CC(*)(C)c1ccccc1,0.140000001
*CC(*)C(=O)CC(F)(F)C(F)(F)C(F)(F)C(F)(F)C(F)(F)C(F)(F)C(F)(F)F,57.00000004
*CC(*)C(=O)OC,0.261999999
*CC(*)C(=O)OCCCCCCCCCC,47.80000004
*CC(*)OC(=O)c1ccc(C)cc1,0.416999995
*CC(*)OC(=O)c1cccc(C)c1,0.118000001
*CC(*)OC(=O)c1ccccc1C,0.115
*CC(*)[Si](C)(C)C,18.0
*CC(*)c1ccc(Br)cc1,0.480000003
*CC(*)c1ccc(C(C)(C)C)cc1,16.69999999
*CC(*)c1ccc(C[Si](C)(C)C)cc1,7.800000006
*CC(*)c1ccc(Cl)cc1,0.260000001
*CC(*)c1ccc(OC(C)=O)cc1,0.98999999
*CC(*)c1ccc(OC)cc1,0.909999995
*CC(*)c1ccc([Si](C)(C)C)cc1,34.0
*CC(*)c1ccc([Si](C)(C)CCC(F)(F)F)cc1,22.00000001
*CCC1CC(*)C2C1C([Si](O[Si](C)(C)C)(O[Si](C)(C)C)O[Si](C)(C)C)C2[Si](O[Si](C)(C)C)(O[Si](C)(C)C)O[Si](C)(C)C,215.0
*CCCCCCCC[Si](C)(C)O[Si](*)(C)C,360.0000002
*CCCCCC[Si](C)(C)O[Si](*)(C)C,395.0000003
*CCCCCOC(*)=O,1.569999999
*CCC[Si](*)(C)C,8.399999999
*CC[Si](C)(C)O[Si](*)(C)C,596.9999998
*CC[Si](C)(C)c1ccc([Si](C)(C)CC[Si](*)(C)C)cc1,0.53
*CN1C(=O)c2cc3c(cc2C1=O)S(=O)(=O)c1cc2c(cc1S3(=O)=O)C(=O)N(c1cc3c(cc1C)-c1cc(C)c(*)cc1S3(=O)=O)C2=O,0.589999998
*CN1C(=O)c2ccc(C(c3ccc4c(c3)C(=O)N(Cc3ccc(-c5cc(C)c(-c6ccc(*)cc6C)cc5C)c(C)c3)C4=O)C(F)(F)F)cc2C1=O,0.879999996
*CN1C(=O)c2ccc(S(=O)(=O)c3ccc4c(c3)C(=O)N(c3cc5c(cc3C)-c3cc(C)c(*)cc3S5(=O)=O)C4=O)cc2C1=O,0.230000002
*COC*,0.599999999
*COc1c(Br)cc(C(c2cc(Br)c(OC(=O)c3cccc(C(*)=O)c3)c(Br)c2)(C(F)(F)F)C(F)(F)F)cc1Br,0.596999998
*C[Si](*)(C)C,129.9999999
*Cc1cc(C)c(-n2c(=O)c3cc4c(=O)n(-c5c(C)cc(*)cc5C)c(=O)c4cc3c2=O)c(C)c1,8.209999998
*Cc1cc(C)c(N2C(=O)c3ccc(-c4ccc5c(c4)C(=O)N(c4c(C)cc(*)cc4C)C5=O)cc3C2=O)c(C)c1,0.817999993
*Cc1cc(C)c(N2C(=O)c3ccc(C(c4ccc5c(c4)C(=O)N(c4c(C)cc(*)cc4C)C5=O)(C(F)(F)F)C(F)(F)F)cc3C2=O)c(C)c1,1.449999999
*Cc1cc(C)c(Oc2ccc(C(C)(C)c3ccc(Oc4c(C)cc(*)cc4C)cc3)cc2)c(C)c1,0.576999996
*Cc1cc(C)c(Oc2ccc(S(=O)(=O)c3ccc(Oc4c(C)cc(*)cc4C)cc3)cc2)c(C)c1,0.804000002
*Cc1ccc(N2C(=O)c3ccc(C(c4ccc5c(c4)C(=O)N(c4ccc(*)cc4C)C5=O)(C(F)(F)F)C(F)(F)F)cc3C2=O)c(C)c1,0.198
*Cc1ccc(N2C(=O)c3ccc(Oc4ccc(Oc5ccc6c(c5)C(=O)N(c5ccc(*)cc5C)C6=O)cc4)cc3C2=O)c(C)c1,0.0209
*N=P(*)(C)c1ccccc1,0.7
*N=P(*)(OCC(C)(C)C)OC(C)(C)C,7.51
*N=P(*)(OCC(C)C)OC(C)C,98.70000008
*N=P(*)(OCC(C)CC)OC(C)CC,39.09999996
*N=P(*)(OCC(F)(F)F)OCC(F)(F)F,57.69999998
*N=P(*)(OCCC)OCCCC,195.9999998
*N=P(*)(Oc1ccc(Br)cc1)Oc1ccc(Br)cc1,0.349999996
*N=P(*)(Oc1ccc(C(C)(C)C)cc1)Oc1ccc(C(C)(C)C)cc1,1.699999999
*N=P(*)(Oc1ccccc1)Oc1ccccc1,1.299999999
*NC(=O)c1cc(C(c2ccc(C(=O)O)c(C(=O)Nc3cc(Oc4ccc(N)c(*)c4)ccc3N)c2)(C(F)(F)F)C(F)(F)F)ccc1C(=O)O,0.086999999
*NC(=O)c1ccc(Oc2cc(C(C)(C)C)c(Oc3ccc(C(=O)Nc4c(C)cc(Cc5cc(C)c(*)c(C(C)C)c5)cc4C(C)C)cc3)cc2C(C)(C)C)cc1,1.209999999
*Nc1ccc(C(c2ccc(NC(=O)c3cc(C(*)=O)cc(-c4ccccc4)c3)cc2)(C(F)(F)F)C(F)(F)F)cc1,0.779999995
*Nc1ccc(C(c2ccc(NC(=O)c3cccc(C(*)=O)c3)cc2)(C(F)(F)F)C(F)(F)F)cc1,0.200000002
*Nc1ccc(C2(c3ccc(NC(=O)c4cccc(C(*)=O)c4)cc3)c3ccccc3-c3ccccc32)cc1,0.128
*Nc1ccc(Oc2ccc(N3C(=O)c4ccc(C(=O)Nc5cccc(N6C(=O)c7ccc(C(=O)Nc8ccc(Oc9ccc(N%10C(=O)c%11ccc(C(*)=O)cc%11C%10=O)cc9)cc8)cc7C6=O)c5)cc4C3=O)cc2)cc1,0.03
*Nc1ccc(S(=O)(=O)c2ccc(NC(=O)c3cc(C(*)=O)cc(-c4ccccc4)c3)cc2)cc1,0.110000001
*Nc1ccc(S(=O)(=O)c2ccc(NC(=O)c3cccc(C(*)=O)c3)cc2)cc1,0.014
*Nc1cccc(NC(=O)c2ccc(C(c3ccc(C(*)=O)cc3)(C(F)(F)F)C(F)(F)F)cc2)c1,0.239999999
*OC(=O)Oc1ccc(C(=O)Oc2ccc3c(c2)C2(Cc4cc(*)ccc4C2(C)C)CC3(C)C)cc1,1.139999999
*OC(=O)Oc1ccc2c(c1)C1(CC(C)(C)c3ccc(*)cc31)CC2(C)C,2.000000002
*OC(=O)c1cc(C(=O)COc2c(Br)cc3c(c2Br)C(=C)OC32c3cc(Br)c(*)c(Br)c32)cc(C(C)(C)C)c1,1.09
*OC(=O)c1ccc(C(=O)Oc2ccc3c(c2)C2(CC(C)(C)c4ccc(*)cc42)CC3(C)C)cc1,4.199999996
*OC(=O)c1ccc(C(=O)Oc2ccc3c(c2)C2(Cc4ccc(*)cc4C2(C)C)CC3(C)C)cc1,4.22
*OC(=O)c1cccc(C(=O)COc2c(Br)cc3c(c2Br)C(=C)OC32c3cc(Br)c(*)c(Br)c32)c1,0.206
*OC(=O)c1cccc(C(=O)Oc2c(C)cc(C(C)(C)c3cc(C)c(*)c(Br)c3)cc2Br)c1,0.151000001
*OC(=O)c1cccc(C(=O)Oc2ccc3c(c2)C2(Cc4ccc(*)cc4C2(C)C)CC3(C)C)c1,1.139999999
*OC1C(COC(C)=O)OC(OC2C(COC(C)=O)OC(*)C(OC(C)=O)C2O)C(OC(C)=O)C1O,0.205
*OC1C(COCC)OC(*)C(O)C1O,9.049999996
*OCC(=O)c1cccc(C(=O)Oc2c(Br)cc3c(c2Br)-c2cc(Br)c(*)c(Br)c2C3(C)C)c1,0.567000001
*OOc1c2c(c(*)c3c1C1c4ccccc4C3c3ccccc31)C1c3ccccc3C2c2ccccc21,3.780000001
*OOc1ccc(C(c2ccc(OC(=O)c3cccc(C(*)=O)c3)cc2)(C(F)(F)F)C(F)(F)F)cc1,0.799000001
*OOc1ccc(*)c2c1C1c3ccccc3C2c2ccccc21,2.430000002
*OOc1ccc2cc(*)ccc2c1,0.0366
*OOc1ccc2ccc(*)cc2c1,0.05
*OOc1cccc2c(*)cccc12,0.0364
*O[Si](C)(C)c1ccc([Si](*)(C)C)cc1,12.0
*O[Si](C)(C)c1cccc([Si](*)(C)C)c1,105.9999999
*O[Si](*)(C)C,908.000001
*O[Si](*)(C)CC,474.0000004
*O[Si](*)(C)CCC,570.0000004
*O[Si](*)(C)CCC(F)(F)F,200.9999998
*O[Si](*)(C)CCCCCCCC,313.0000003
*O[Si](*)(C)c1ccccc1,36.00000002
*Oc1c(Br)cc(C(c2cc(Br)c(OC(*)=O)c(Br)c2)(C(F)(F)F)C(F)(F)F)cc1Br,0.890000007
*Oc1c(Br)cc(C2(c3cc(Br)c(OC(=O)c4cccc(C(*)=O)c4)c(Br)c3)OC(=O)c3ccccc32)cc1Br,0.206
*Oc1c(Br)cc(C2(c3cc(Br)c(OC(=O)c4cccc(C(*)=O)c4)c(Br)c3)c3ccccc3-c3ccccc32)cc1Br,0.567000001
*Oc1ccc(-c2ccc(N3C(=O)c4ccc(C(c5ccc6c(c5)C(=O)N(c5ccc(-c7ccc(Oc8ccc9c(c8)C(C)(C)CC98CC(C)(C)c9cc(*)ccc98)c(C(F)(F)F)c7)cc5)C6=O)(C(F)(F)F)C(F)(F)F)cc4C3=O)cc2)cc1C(F)(F)F,1.209999999
*Oc1ccc(-c2ccc(N3C(=O)c4ccc(Oc5ccc(C(c6ccc(Oc7ccc8c(c7)C(=O)N(c7ccc(-c9ccc(Oc%10ccc%11c(c%10)C(C)(C)CC%11%10CC(C)(C)c%11cc(*)ccc%11%10)c(C(F)(F)F)c9)cc7)C8=O)cc6)(C(F)(F)F)C(F)(F)F)cc5)cc4C3=O)cc2)cc1C(F)(F)F,0.349999996
*Oc1ccc(-c2ccc(N3C(=O)c4ccc(Oc5ccc6c(c5)C(=O)N(c5ccc(-c7ccc(Oc8ccc9c(c8)C(C)(C)CC98CC(C)(C)c9cc(*)ccc98)c(C(F)(F)F)c7)cc5)C6=O)cc4C3=O)cc2)cc1C(F)(F)F,0.410000003
*Oc1ccc(-c2ccc(Oc3c(F)c(F)c(COC(c4cccc(C(OCc5c(F)c(F)c(*)c(F)c5F)(C(F)(F)F)C(F)(F)F)c4)(C(F)(F)F)C(F)(F)F)c(F)c3F)cc2)cc1,0.340000002
*Oc1ccc(C(=O)Nc2ccc(C(C)(C)c3ccc(NC(=O)c4ccc(Oc5cc(C(C)(C)C)c(*)cc5C(C)(C)C)cc4)cc3)cc2)cc1,0.470000002
*Oc1ccc(C(=O)Nc2ccc(C(c3ccc(NC(=O)c4ccc(Oc5cc(C(C)(C)C)c(*)cc5C(C)(C)C)cc4)cc3)(C(F)(F)F)C(F)(F)F)cc2)cc1,1.24
*Oc1ccc(C(=O)c2ccc(-c3cc(C(C)(C)C)c(-c4ccc(-c5ccc(*)cc5C(C)(C)C)cc4C(C)(C)C)cc3C(C)(C)C)cc2)cc1,0.383999996
*Oc1ccc(C(=O)c2ccc(-c3ccc(*)cc3C(C)(C)C)cc2)cc1,0.220999998
*Oc1ccc(C(=O)c2ccc(Oc3cc(C)c(C4(c5cc(C(C)C)c(*)cc5C)OC(=O)c5ccccc54)cc3C(C)C)cc2)cc1,1.09
*Oc1ccc(C(=O)c2ccc(Oc3ccc(*)cc3-c3cc(C)cc(C)c3)cc2)cc1,0.05
*Oc1ccc(C(=O)c2ccc(Oc3ccc(*)cc3-c3cccc(C)c3)cc2)cc1,0.024
*Oc1ccc(C(Cl)(Cl)c2ccc(OC(*)=O)cc2)cc1,0.232999999
*Oc1ccc(C(c2ccc(OC(=O)c3ccc(-c4ccc(C(*)=O)cc4)cc3)cc2)(C(F)(F)F)C(F)(F)F)cc1,1.530000001
*Oc1ccc(C(c2ccc(OC(=O)c3ccc(C(*)=O)cc3)cc2)(C(F)(F)F)C(F)(F)F)cc1,2.740000001
*Oc1ccc(C(c2ccc(OC(=O)c3ccc4c(c3)C(=O)c3cc(C(*)=O)ccc3-4)cc2)(C(F)(F)F)C(F)(F)F)cc1,0.981000006
*Oc1ccc(C(c2ccc(OC(=O)c3cccc(C(*)=O)c3)cc2)(C(F)(F)F)C(F)(F)F)cc1,0.610000007
*Oc1ccc(C(c2ccc(OC(*)=O)cc2)(C(F)(F)F)C(F)(F)F)cc1,1.05
*Oc1ccc(C(c2ccc(Oc3c(F)c(F)c(COC(c4ccc(C(OCc5c(F)c(F)c(*)c(F)c5F)(C(F)(F)F)C(F)(F)F)cc4)(C(F)(F)F)C(F)(F)F)c(F)c3F)cc2)(C(F)(F)F)C(F)(F)F)cc1,0.550000001
*Oc1ccc(C2(c3ccc(OC(=O)c4cccc(C(*)=O)c4)cc3)OC(=O)c3ccccc32)cc1,0.167
*Oc1ccc(C2(c3ccc(OC(=O)c4cccc(C(*)=O)c4)cc3)c3ccccc3-c3ccccc32)cc1,0.663000002
*Oc1ccc(C2(c3ccc(OC(*)=O)cc3)CC3CCC2C3)cc1,0.478999996
*Oc1ccc(C2(c3ccc(OC(*)=O)cc3)CCCCC2)cc1,0.091700001
*Oc1ccc(C2(c3ccc(Oc4ccc(C(*)=O)cc4)cc3)OC(=O)c3ccccc32)cc1,0.470000002
*Oc1ccc(Cc2ccc(Oc3c(F)c(F)c(COC(c4ccc(C(OCc5c(F)c(F)c(*)c(F)c5F)(C(F)(F)F)C(F)(F)F)cc4)(C(F)(F)F)C(F)(F)F)c(F)c3F)cc2)cc1,0.33
*Oc1ccc(N)c(NC(=O)c2cc(C(c3ccc(C(=O)Nc4ccc(*)cc4N)c(C(=O)O)c3)(C(F)(F)F)C(F)(F)F)ccc2C(=O)O)c1,0.086999999
*Oc1ccc(Oc2ccc3c(c2)C(=O)N(c2ccc(Cc4ccc(N5C(=O)c6ccc(*)cc6C5=O)cc4)cc2)C3=O)cc1,0.0222
*Oc1ccc(Oc2ccc3c(c2)C(=O)N(c2ccc(Oc4ccc(Oc5ccc(N6C(=O)c7ccc(*)cc7C6=O)cc5)cc4)cc2)C3=O)cc1,0.04
*Oc1ccc(Oc2cccc(*)c2C#N)c(-c2cc(C(F)(F)F)cc(C(F)(F)F)c2)c1,0.829999995
*Oc1ccc(Oc2cccc(*)c2C#N)c(-c2cccc(C(F)(F)F)c2)c1,0.09
*Oc1ccc(S(=O)(=O)c2ccc(Oc3c(C)cc(-c4cc(C)c(*)c(C)c4C)c(C)c3C)cc2)cc1,0.941999994
*Oc1ccc(S(=O)(=O)c2ccc(Oc3cc(C)c(C(c4cc(C(C)C)c(*)cc4C)c4ccccc4C(=O)O)cc3C(C)C)cc2)cc1,1.129999999
*Oc1ccc(S(=O)(=O)c2ccc(Oc3cc(C)c(C4(c5cc(C(C)C)c(*)cc5C)OC(=O)c5ccccc54)cc3C(C)C)cc2)cc1,0.928000008
*Oc1ccc2c(c1)C(=O)N(c1c(C)c(C)c(N3C(=O)c4ccc(Oc5c(C)ccc(C)c5*)cc4C3=O)c(C)c1C)C2=O,1.9
*Oc1ccc2c(c1)C(=O)N(c1c(C)c(C)c(N3C(=O)c4ccc(Oc5cc(C(C)(C)C)cc(C)c5*)cc4C3=O)c(C)c1C)C2=O,2.200000001
*Oc1ccc2c(c1)C(=O)N(c1c(C)c(C)c(N3C(=O)c4ccc(Oc5cc(C)c(*)c(C)c5C)cc4C3=O)c(C)c1C)C2=O,7.599999995
*Oc1ccc2c(c1)C(=O)N(c1c(C)c(C)c(N3C(=O)c4ccc(Oc5cc(C)ccc5*)cc4C3=O)c(C)c1C)C2=O,0.470000002
*Oc1ccc2c(c1)C(=O)N(c1c(C)c(C)c(N3C(=O)c4ccc(Oc5cccc(C)c5*)cc4C3=O)c(C)c1C)C2=O,0.7
*Oc1ccc2c(c1)C(=O)N(c1cc(C)c(C)c(N3C(=O)c4ccc(Oc5cc(C)ccc5*)cc4C3=O)c1C)C2=O,0.570000006
*Oc1ccc2c(c1)C(=O)N(c1ccc(-c3ccc(Oc4ccc(C5(c6ccc(Oc7ccc(-c8ccc(N9C(=O)c%10ccc(*)cc%10C9=O)cc8)cc7C(F)(F)F)cc6)C(=O)N(c6ccccc6)c6ccccc65)cc4)c(C(F)(F)F)c3)cc1)C2=O,0.840000008
*Oc1ccc2c(c1)C(=O)N(c1ccc(-c3ccc(Oc4ccc(C5(c6ccc(Oc7ccc(-c8ccc(N9C(=O)c%10ccc(*)cc%10C9=O)cc8)cc7C(F)(F)F)cc6)c6ccccc6-c6ccccc65)cc4)c(C(F)(F)F)c3)cc1)C2=O,1.039999999
*Oc1ccc2c(c1)C(=O)N(c1ccc(C(c3ccc(N4C(=O)c5ccc(Oc6cc(C)c(*)c(C)c6C)cc5C4=O)cc3)(C(F)(F)F)C(F)(F)F)cc1)C2=O,1.699999999
*Oc1ccc2c(c1)C(=O)N(c1ccc(N(c3ccccc3)c3ccc(N4C(=O)c5ccc(*)cc5C4=O)cc3)cc1)C2=O,0.085000001
*Oc1ccc2c(c1)C(=O)N(c1cccc(N3C(=O)c4ccc(Oc5ccc6c(c5)C5(CC(C)(C)c7ccc(*)cc75)CC6(C)C)cc4C3=O)c1)C2=O,0.155000001
*Oc1ccc2c(c1)C(=O)N(c1cccc(N3C(=O)c4ccc(Oc5ccc6c(c5)C5(Cc7ccc(*)cc7C5(C)C)CC6(C)C)cc4C3=O)c1)C2=O,0.155000001
*Oc1ccc2c(c1)C(=O)N(c1cccc(N3C(=O)c4ccc(*)cc4C3=O)c1)C2=O,0.0064
*Oc1cccc(Oc2ccc(*)cc2-c2cc(C)cc(C)c2)c1C#N,0.06
*Oc1cccc(Oc2ccc(*)cc2-c2cccc(C)c2)c1C#N,0.05
*c1c(C)c(C)c(-n2c(=O)c3cc4oc5cc6c(cc5oc4cc3c2=O)C2(C(C)C)c3cc4oc5cc7c(=O)n(*)c(=O)c7cc5oc4cc3C23c2ccccc2C63C(C)C)c(C)c1C,105.0
*c1c(C)c(C)c(-n2c(=O)c3cc4oc5cc6c(cc5oc4cc3c2=O)C2(CC(C)(C)c3cc4oc5cc7c(=O)n(*)c(=O)c7cc5oc4cc32)CC6(C)C)c(C)c1C,76.99999997
*c1c(C)c(C)c(N2C(=O)c3cc4c(cc3C2=O)C2(CC(C)(C)c3cc5c(cc32)C(=O)N(*)C5=O)CC4(C)C)c(C)c1C,390.0
*c1c(C)c(C)c(N2C(=O)c3ccc(C(c4ccc5c(c4)C(=O)N(*)C5=O)(C(F)(F)F)C(F)(F)F)cc3C2=O)c(C)c1C,28.19999998
*c1c(C)c(C)c(N2C(=O)c3ccc(Oc4ccc(C(C)(C)C)cc4Oc4ccc5c(c4)C(=O)N(*)C5=O)cc3C2=O)c(C)c1C,3.100000001
*c1c(C)c(C)cc(N2C(=O)c3ccc(Oc4ccc(C(C)(C)C)cc4Oc4ccc5c(c4)C(=O)N(*)C5=O)cc3C2=O)c1C,2.500000002
*c1c(C)c2c(c(N3C(=O)c4ccc(-c5ccc6c(c5)C(=O)N(*)C6=O)cc4C3=O)c1C)C(C)(C)CC2,23.9
*c1c(C)c2c(c(N3C(=O)c4ccc(C(=O)c5ccc6c(c5)C(=O)N(*)C6=O)cc4C3=O)c1C)C(C)(C)CC2,8.100000002
*c1c(C)c2c(c(N3C(=O)c4ccc(C(c5ccc6c(c5)C(=O)N(*)C6=O)(C(F)(F)F)C(F)(F)F)cc4C3=O)c1C)C(C)(C)CC2,50.49999999
*c1c(C)c2c(c(N3C(=O)c4ccc(Oc5ccc6c(c5)C(=O)N(*)C6=O)cc4C3=O)c1C)C(C)(C)CC2,10.30000001
*c1c(C)cc(-c2cc(C)c(N3C(=O)c4cc5c(cc4C3=O)C3(C(C)C)c4ccc(cc4)C5(C(C)C)c4cc5c(cc43)C(=O)N(*)C5=O)c3ccccc23)c2ccccc12,210.9999999
*c1c(C)cc(-c2cc(C)c(N3C(=O)c4cc5c(cc4C3=O)C3(C)c4ccc(cc4)C5(C)c4cc5c(cc43)C(=O)N(*)C5=O)c3ccccc23)c2ccccc12,215.9999999
*c1c(C)cc(-c2cc(C)c(N3C(=O)c4cc5c(cc4C3=O)C3(CC(C)(C)c4cc6c(cc43)C(=O)N(*)C6=O)CC5(C)C)c3ccccc23)c2ccccc12,359.0000003
*c1c(C)cc(-c2cccc3c(-n4c(=O)c5cc6oc7cc8c(cc7oc6cc5c4=O)C4(CC(C)(C)c5cc6oc7cc9c(=O)n(*)c(=O)c9cc7oc6cc54)CC8(C)C)c(C)ccc23)c2ccccc12,260.0
*c1c(C)cc(C)c(N2C(=O)c3ccc(C(=O)c4ccc5c(c4)C(=O)N(*)C5=O)cc3C2=O)c1C,1.25
*c1c(C)cc(C)c(N2C(=O)c3ccc(C(c4ccc5c(c4)C(=O)N(*)C5=O)(C(F)(F)F)C(F)(F)F)cc3C2=O)c1C,23.3
*c1c(C)cc2c(c1C)CN1CN2Cc2c1cc(C)c(-n1c(=O)c3cc4c(=O)n(*)c(=O)c4cc3c1=O)c2C,360.0000002
*c1c(C)cc2c(c1C)CN1CN2Cc2c1cc(C)c(N1C(=O)c3cc4c(cc3C1=O)C1(CC(C)(C)c3cc5c(cc31)C(=O)N(*)C5=O)CC4(C)C)c2C,591.0000002
*c1c(C)cc2c(c1C)CN1CN2Cc2c1cc(C)c(N1C(=O)c3cc4c(cc3C1=O)C1(c3ccccc3-c3cc5c(cc31)C(=O)N(*)C5=O)c1ccccc1-4)c2C,371.0000003
*c1c(C)cc2c(c1C)CN1CN2Cc2c1cc(C)c(N1C(=O)c3ccc(C(c4ccc5c(c4)C(=O)N(*)C5=O)(C(F)(F)F)C(F)(F)F)cc3C1=O)c2C,115.9999999
*c1cc(-c2nc3cc(-c4ccc5[nH]c(-c6ccc(C(*)(C(F)(F)F)C(F)(F)F)cc6)nc5c4)ccc3[nH]2)cc(C(C)(C)C)c1,0.07
*c1cc(-c2nc3cc(-c4ccc5[nH]c(*)nc5c4)ccc3[nH]2)cc(C(C)(C)C)c1,0.05
*c1cc(Br)c(OC(=O)Oc2c(Br)cc(C(*)(C)C)cc2Br)c(Br)c1,0.506000004
*c1cc(Br)c(OC(=O)c2cccc(C(=O)Oc3c(Br)cc(C(*)(C)C)cc3Br)c2)c(Br)c1,0.49
*c1cc(Br)c(OCC(=O)c2cccc(C(=O)Oc3c(Br)cc(C(*)(C)C)cc3Br)c2)c(Br)c1,0.141999999
*c1cc(C(=O)O)cc(N2C(=O)c3ccc(C(c4ccc5c(c4)C(=O)N(*)C5=O)(C(F)(F)F)C(F)(F)F)cc3C2=O)c1,0.331999997
*c1cc(C(=O)O)cc(N2C(=O)c3ccc(Oc4ccc(Oc5ccc6c(c5)C(=O)N(*)C6=O)cc4)cc3C2=O)c1,0.0209
*c1cc(C)c(-c2ccc(CN3C(=O)c4ccc(C(c5ccc6c(c5)C(=O)N(Cc5ccc(*)c(C)c5C)C6=O)C(F)(F)F)cc4C3=O)c(C)c2C)cc1C,5.6
*c1cc(C)c(-n2c(=O)c3cc4oc5cc6c(cc5oc4cc3c2=O)C2(C(C)C)c3cc4oc5cc7c(=O)n(-c8c(C)cc(*)cc8C)c(=O)c7cc5oc4cc3C23c2ccccc2C63C(C)C)c(C)c1,101.0000001
*c1cc(C)c(C)c(N2C(=O)c3ccc(Oc4cc(C)c(Oc5ccc6c(c5)C(=O)N(*)C6=O)c(C)c4C)cc3C2=O)c1C,3.999999997
*c1cc(C)c(CN2C(=O)c3ccc(C(c4ccc5c(c4)C(=O)N(Cc4c(C)cc(-c6cc(C)c(*)cc6C)cc4C)C5=O)C(F)(F)F)cc3C2=O)c(C)c1,15.0
*c1cc(C)c(CN2C(=O)c3ccc(C(c4ccc5c(c4)C(=O)N(Cc4cc(C)c(-c6cc(C)c(*)cc6C)cc4C)C5=O)C(F)(F)F)cc3C2=O)cc1C,1.9
*c1cc(C)c(Cc2cc(C)c(N3C(=O)c4ccc(Oc5ccc(Oc6ccc7c(c6)C(=O)N(*)C7=O)cc5)cc4C3=O)cc2C)cc1C,0.0399
*c1cc(C)c(N2C(=O)c3cc4c(cc3C2=O)C2(C)CCC4(C)c3cc4c(cc32)C(=O)N(c2c(C)cc(*)c3ccccc23)C4=O)c2ccccc12,456.9999999
*c1cc(C)c(N2C(=O)c3cc4c(cc3C2=O)C2(c3ccccc3-4)c3ccccc3-c3cc4c(cc32)C(=O)N(c2c(C)cc(*)c3ccccc23)C4=O)c2ccccc12,325.9999999
*c1cc(C)c(N2C(=O)c3ccc(C(c4ccc5c(c4)C(=O)N(*)C5=O)(C(F)(F)F)C(F)(F)F)cc3C2=O)cc1C,1.070000001
*c1cc(C)c(N2C(=O)c3ccc(C(c4ccc5c(c4)C(=O)N(c4c(C)cc(-c6cc(C)c(*)cc6C)cc4C)C5=O)(C(F)(F)F)C(F)(F)F)cc3C2=O)c(C)c1,12.29999999
*c1cc(C)c(N2C(=O)c3ccc(C(c4ccc5c(c4)C(=O)N(c4c(C)cc(*)c6ccccc46)C5=O)(C(F)(F)F)C(F)(F)F)cc3C2=O)c2ccccc12,39.90000003
*c1cc(C)c(N2C(=O)c3ccc(Oc4cc(C(C)(C)C)c(Oc5ccc6c(c5)C(=O)N(c5c(C)cc(*)cc5C)C6=O)cc4C(C)(C)C)cc3C2=O)c(C)c1,5.6
*c1cc(C)c(N2C(=O)c3ccc(Oc4cc(C)c(Oc5ccc6c(c5)C(=O)N(c5c(C)cc(*)cc5C)C6=O)c(C)c4C)cc3C2=O)c(C)c1,1.2
*c1cc(C)c(NC(=O)c2ccc(Oc3cc(C(C)(C)C)c(Oc4ccc(C(=O)Nc5c(C)cc(C(*)(C)C)cc5C)cc4)cc3C(C)(C)C)cc2)c(C)c1,2.239999998
*c1cc(C)c(OC(=O)Oc2c(C)cc(C(*)(C(F)(F)F)C(F)(F)F)cc2C)c(C)c1,4.640000005
*c1cc(C)c(OC(=O)Oc2c(C)cc(C(*)(C)C)cc2C)c(C)c1,0.867000005
*c1cc(C)c(OC(=O)c2cc(C(=O)Oc3c(C)cc(C(*)(C)C)cc3C)cc(C(C)(C)C)c2)c(C)c1,2.72
*c1cc(C)c(OC(=O)c2ccc(Oc3c(C)cc(C(*)(C)C)cc3C)cc2)c(C)c1,1.319999999
*c1cc(C)c(OC(=O)c2cccc(C(=O)Oc3c(C)cc(C(*)(C)C)cc3Br)c2)c(Br)c1,1.059999999
*c1cc(C)c(OC(=O)c2cccc(C(=O)Oc3c(C)cc(C(*)(C)C)cc3C)c2)c(C)c1,0.472000001
*c1cc(C)c(OC(=O)c2cccc(C(=O)Oc3c(C)cc(C4(*)c5ccccc5-c5ccccc54)cc3Br)c2)c(Br)c1,3.300000001
*c1cc(C)c(OC(=O)c2cccc(Oc3c(C)cc(C(*)(C)C)cc3C)c2)c(C)c1,0.53
*c1cc(C)c(Oc2ccc(C(=O)c3ccc(-c4c(C)cc(*)cc4C)cc3)cc2)c(C)c1,1.020000001
*c1cc(C)c(Oc2ccc(C(=O)c3ccc(Oc4c(C)cc(C(*)(C)C)cc4C)cc3)cc2)c(C)c1,1.1
*c1cc(C)c(Oc2ccc(C(=O)c3ccc(Oc4cc(C)c(C5(*)OC(=O)c6ccccc65)cc4C)cc3)cc2)cc1C,0.169999999
*c1cc(C)c(Oc2ccc(C(C)(C)c3ccc(Oc4c(C)cc(C(*)(C(F)(F)F)C(F)(F)F)cc4C)cc3)cc2)c(C)c1,3.000000002
*c1cc(C)c(Oc2ccc(C(C)(C)c3ccc(Oc4c(C)cc(C(*)(C)C)cc4C)cc3)cc2)c(C)c1,0.911000006
*c1cc(C)c(Oc2ccc(S(=O)(=O)c3ccc(Oc4c(C)cc(C(C)(C)c5ccc(C(*)(C)C)cc5)cc4C)cc3)cc2)c(C)c1,0.599999999
*c1cc(C)c(Oc2ccc(S(=O)(=O)c3ccc(Oc4c(C)cc(C(C)(C)c5cccc(C(*)(C)C)c5)cc4C)cc3)cc2)c(C)c1,0.279999999
*c1cc(C)c(Oc2ccc(S(=O)(=O)c3ccc(Oc4c(C)cc(C(*)(C(F)(F)F)C(F)(F)F)cc4C)cc3)cc2)c(C)c1,3.000000002
*c1cc(C)c(Oc2ccc(S(=O)(=O)c3ccc(Oc4c(C)cc(C(*)(C)C)cc4C)cc3)cc2)c(C)c1,0.930999998
*c1cc(C)c(Oc2ccc(S(=O)(=O)c3ccc(Oc4c(C)cc(*)cc4C)cc3)cc2)c(C)c1,1.27
*c1cc(C)c(Oc2ccc(S(=O)(=O)c3ccc(Oc4cc(C)c(C5(*)OC(=O)c6ccccc65)cc4C)cc3)cc2)cc1C,0.225000001
*c1cc(C)c2c(c1)S(=O)(=O)c1cc(N3C(=O)c4ccc(-c5ccc6c(c5)C(=O)N(*)C6=O)cc4C3=O)cc(C)c1-2,0.191000001
*c1cc(C)c2c(c1)S(=O)(=O)c1cc(N3C(=O)c4ccc(C(c5ccc6c(c5)C(=O)N(*)C6=O)(C(F)(F)F)C(F)(F)F)cc4C3=O)cc(C)c1-2,2.509999997
*c1cc(C)c2c(c1)S(=O)(=O)c1cc(N3C(=O)c4ccc(S(=O)(=O)c5ccc6c(c5)C(=O)N(*)C6=O)cc4C3=O)cc(C)c1-2,0.258000002
*c1cc(Cl)c(OC(=O)Oc2c(Cl)cc(C(*)(C)C)cc2Cl)c(Cl)c1,0.224000001
*c1cc2c(cc1C)-c1c(C)cc(CN3C(=O)c4ccc(C(c5ccc6c(c5)C(=O)N(*)C6=O)(C(F)(F)F)C(F)(F)F)cc4C3=O)cc1S2(=O)=O,1.979999999
*c1cc2c(cc1C)-c1cc(C)c(N3C(=O)c4ccc(-c5ccc6c(c5)C(=O)N(*)C6=O)cc4C3=O)cc1S2(=O)=O,0.141999999
*c1cc2c(cc1C)-c1cc(C)c(N3C(=O)c4ccc(C(c5ccc6c(c5)C(=O)N(*)C6=O)(C(F)(F)F)C(F)(F)F)cc4C3=O)cc1S2(=O)=O,1.489999999
*c1cc2c(cc1O)C1(CC2(C)C)CC(C)(C)c2cc(-n3c(=O)c4cc5c(=O)n(*)c(=O)c5cc4c3=O)c(O)cc21,7.699999997
*c1cc2c(cc1O)C1(CC2(C)C)CC(C)(C)c2cc(N3C(=O)c4ccc(C(c5ccc6c(c5)C(=O)N(*)C6=O)(C(F)(F)F)C(F)(F)F)cc4C3=O)c(O)cc21,9.099999993
*c1cc2c(cc1Oc1ccc(C(C)(C)C)cc1)C(=O)N(Cc1ccc(Oc3ccc(N4C(=O)c5cc(*)c(Oc6ccc(C(C)(C)C)cc6)cc5C4=O)cc3)cc1)C2=O,3.160000003
*c1cc2c(cc1Oc1ccc(C)cc1)C(=O)N(Cc1ccc(Oc3ccc(N4C(=O)c5cc(*)c(Oc6ccc(C)cc6)cc5C4=O)cc3)cc1)C2=O,1.449999999
*c1cc2c(cc1Oc1ccccc1)C(=O)N(Cc1ccc(Cc3ccc(N4C(=O)c5cc(*)c(Oc6ccccc6)cc5C4=O)cc3)cc1)C2=O,0.850000008
*c1cc2c(cc1Oc1ccccc1)C(=O)N(Cc1ccc(Oc3ccc(N4C(=O)c5cc(*)c(Oc6ccccc6)cc5C4=O)cc3)cc1)C2=O,0.850000008
*c1ccc(-c2ccc(-c3ccc(-c4ccc(-c5ccc(-c6ccc(-c7ccc(-c8ccc(-c9ccc%10c(c9)C(=O)C(c9ccc(-c%11ccc(*)cc%11C(=O)c%11ccccc%11)cc9C(F)(F)F)C%10=O)cc8C(=O)c8ccccc8)c(C(=O)c8ccccc8)c7)c(C(=O)c7ccccc7)c6)cc5C(=O)c5ccccc5)c(C(=O)c5ccccc5)c4)c(C(=O)c4ccccc4)c3)c(C(=O)c3ccccc3)c2)c(C(=O)c2ccccc2)c1,0.129999999
*c1ccc(-c2ccc(-c3ccc(C(*)(c4ccccc4)C(F)(F)F)cc3)cc2)cc1,12.99999999
*c1ccc(-c2ccc(-n3c(=O)c4cc5oc6cc7c(cc6oc5cc4c3=O)C3(CC(C)(C)c4cc5oc6cc8c(=O)n(*)c(=O)c8cc6oc5cc43)CC7(C)C)cc2C(F)(F)F)c(C(F)(F)F)c1,20.00000002
*c1ccc(-c2ccc(C(*)(C(F)(F)F)C(F)(F)F)cc2)cc1,34.0
*c1ccc(-c2ccc(C(*)(c3ccccc3)C(F)(F)F)cc2)cc1,10.0
*c1ccc(-c2ccc(C3(*)OC(=O)c4ccccc43)cc2)cc1,2.880000002
*c1ccc(-c2ccc(N3C(=O)c4cc5c(cc4C3=O)S(=O)(=O)c3cc4c(cc3S5(=O)=O)C(=O)N(*)C4=O)cc2C(F)(F)F)c(C(F)(F)F)c1,1.209999999
*c1ccc(-c2ccc(Oc3ccc(C4(c5ccc(Oc6ccc(-c7ccc(-n8c(=O)c9cc%10c(=O)n(*)c(=O)c%10cc9c8=O)cc7)cc6C(F)(F)F)cc5)C(=O)N(c5ccccc5)c5ccccc54)cc3)c(C(F)(F)F)c2)cc1,0.789999998
*c1ccc(-c2ccc(Oc3ccc(C4(c5ccc(Oc6ccc(-c7ccc(-n8c(=O)c9cc%10c(=O)n(*)c(=O)c%10cc9c8=O)cc7)cc6C(F)(F)F)cc5)c5ccccc5-c5ccccc54)cc3)c(C(F)(F)F)c2)cc1,0.939999992
*c1ccc(-c2ccc3c(c2)C(=O)C(c2ccc(-c4ccc5c(c4)C(=O)C(c4ccc(-c6ccc7c(c6)C(=O)C(c6ccc(*)cc6C(F)(F)F)C7=O)cc4C(F)(F)F)C5=O)cc2C(F)(F)F)C3=O)c(C(=O)c2ccccc2)c1,0.359999999
*c1ccc(-c2nc3cc(C(c4ccc5oc(-c6ccc(C(*)(C(F)(F)F)C(F)(F)F)cc6)nc5c4)(C(F)(F)F)C(F)(F)F)ccc3o2)cc1,1.600000001
*c1ccc(-c2nc3ccc(C(c4ccc5nc(-c6ccc(C(*)(C(F)(F)F)C(F)(F)F)cc6)oc5c4)(C(F)(F)F)C(F)(F)F)cc3o2)cc1,169.0000002
*c1ccc(-c2nnc(-c3cccc(-c4nnc(*)n4-c4ccc(C)cc4)c3)n2-c2ccccc2)cc1,0.202
*c1ccc(-c2nnc(-c3cccc(-c4nnc(*)n4-c4ccc(Cl)cc4)c3)n2-c2ccccc2)cc1,0.134000001
*c1ccc(-c2nnc(-c3cccc(-c4nnc(*)n4-c4ccc(F)cc4)c3)n2-c2ccccc2)cc1,0.067299999
*c1ccc(-c2nnc(-c3cccc(-c4nnc(*)n4-c4ccccc4)c3)n2-c2ccccc2)cc1,0.0696
*c1ccc(-n2c(=O)c3cc4c(=O)n(-c5ccc(C(*)(C)C)cc5)c(=O)c4cc3c2=O)cc1,0.900000001
*c1ccc(C(=O)Nc2ccc(-c3ccc(NC(=O)c4ccc5c(c4)C(C)(C)CC5(*)C)cc3C(F)(F)F)c(C(F)(F)F)c2)cc1,0.900000001
*c1ccc(C(=O)Nc2ccc(C(c3ccc(NC(=O)c4ccc5c(c4)C(C)(C)CC5(*)C)cc3)(C(F)(F)F)C(F)(F)F)cc2)cc1,0.909999995
*c1ccc(C(=O)Nc2ccc(Oc3ccc(C(C)(C)c4ccc(Oc5ccc(NC(=O)c6ccc7c(c6)C(C)(C)CC7(*)C)cc5)cc4)cc3)cc2)cc1,0.33
*c1ccc(C(=O)Nc2ccc(Oc3ccc(NC(=O)c4ccc5c(c4)C(C)(C)CC5(*)C)cc3)cc2)cc1,0.209999998
*c1ccc(C(=O)Nc2ccc(S(=O)(=O)c3ccc(NC(=O)c4ccc5c(c4)C(C)(C)CC5(*)C)cc3)cc2)cc1,0.04
*c1ccc(C(=O)Nc2cccc(NC(=O)c3ccc4c(c3)C(C)(C)CC4(*)C)c2)cc1,0.135
*c1ccc(C(=O)Nc2cccc3c(NC(=O)c4ccc5c(c4)C(C)(C)CC5(*)C)cccc23)cc1,0.09
*c1ccc(C(=O)c2ccc(Oc3ccc(C(=O)c4ccc(C(=O)c5ccc(Oc6ccc(C(=O)c7ccc(C8(*)OC(=O)c9ccccc98)cc7)cc6)cc5)cc4)cc3)cc2)cc1,0.069
*c1ccc(C(=O)c2ccc(Oc3ccc(C(=O)c4ccc(Oc5ccc(C(=O)c6ccc(C7(*)OC(=O)c8ccccc87)cc6)cc5)cc4)cc3)cc2)cc1,0.1
*c1ccc(C(=O)c2ccc(Oc3ccc(C(=O)c4cccc(C(=O)c5ccc(Oc6ccc(C(=O)c7ccc(C8(*)OC(=O)c9ccccc98)cc7)cc6)cc5)c4)cc3)cc2)cc1,0.0276
*c1ccc(C(=O)c2ccc(Oc3ccc(C(c4ccc(Oc5ccc(C(=O)c6ccc(C(*)(C)C)cc6)cc5)cc4)(C(F)(F)F)C(F)(F)F)cc3)cc2)cc1,0.345000004
*c1ccc(C(c2ccc(-n3c(=O)c4cc5oc6cc7c(cc6oc5cc4c3=O)C3(CC(C)(C)c4cc5oc6cc8c(=O)n(*)c(=O)c8cc6oc5cc43)CC7(C)C)cc2)(C(F)(F)F)C(F)(F)F)cc1,26.99999999
*c1ccc(C(c2ccc(O)c(N3C(=O)c4cc5c(cc4C3=O)C3(C)c4ccc(cc4)C5(C)c4cc5c(cc43)C(=O)N(*)C5=O)c2)(C(F)(F)F)C(F)(F)F)cc1,0.73
*c1ccc(C)c(-n2c(=O)c3cc4oc5cc6c(cc5oc4cc3c2=O)C2(CC6(C)C)CC(C)(C)c3cc4oc5cc6c(=O)n(-c7cc(C(*)(C(F)(F)F)C(F)(F)F)ccc7C)c(=O)c6cc5oc4cc32)c1,8.999999991
*c1ccc(C)c(N2C(=O)c3ccc(C(c4ccc5c(c4)C(=O)N(*)C5=O)(C(F)(F)F)C(F)(F)F)cc3C2=O)c1,0.710000002
*c1ccc(CN2C(=O)c3ccc(C(c4ccc5c(c4)C(=O)N(Cc4ccc(-c6cc(C)c(*)cc6C)cc4C)C5=O)C(F)(F)F)cc3C2=O)c(C)c1,1.1
*c1ccc(Cc2ccc(N3C(=O)c4ccc(Oc5ccc(Oc6ccc7c(c6)C(=O)N(*)C7=O)cc5)cc4C3=O)c(C)c2C)c(C)c1C,0.0404
*c1ccc(Cc2ccc(N3C(=O)c4ccc(Oc5ccc(Oc6ccc7c(c6)C(=O)N(*)C7=O)cc5)cc4C3=O)cc2C)c(C)c1,0.0209
*c1ccc(N2C(=O)c3ccc(-c4ccc5c(c4)C(=O)N(c4ccc(C(*)(C)C)cc4)C5=O)cc3C2=O)cc1,0.779999995
*c1ccc(N2C(=O)c3ccc(-c4ccc5c(c4)C(=O)N(c4ccc(*)cc4C)C5=O)cc3C2=O)c(C)c1,0.0278
*c1ccc(N2C(=O)c3ccc(C(=O)c4ccc5c(c4)C(=O)N(c4cc6c(cc4Br)C(C)(C)CC6(*)C)C5=O)cc3C2=O)cc1,0.440000004
*c1ccc(N2C(=O)c3ccc(C(=O)c4ccc5c(c4)C(=O)N(c4ccc6c(c4)C(*)(C)CC6(C)C)C5=O)cc3C2=O)cc1,0.212999998
*c1ccc(N2C(=O)c3ccc(C(c4ccc5c(c4)C(=O)N(c4ccc(C(*)(C)C)cc4)C5=O)(C(F)(F)F)C(F)(F)F)cc3C2=O)cc1,0.7
*c1ccc(N2C(=O)c3ccc(C(c4ccc5c(c4)C(=O)N(c4ccc(N(*)c6ccc(N(c7ccc(OC)cc7)c7ccc(OC)cc7)cc6)cc4)C5=O)(C(F)(F)F)C(F)(F)F)cc3C2=O)cc1,0.399999999
*c1ccc(N2C(=O)c3ccc(C(c4ccc5c(c4)C(=O)N(c4ccc(N(*)c6ccc(OC)cc6)cc4)C5=O)(C(F)(F)F)C(F)(F)F)cc3C2=O)cc1,0.499999995
*c1ccc(N2C(=O)c3ccc(C(c4ccc5c(c4)C(=O)N(c4cccc(C(*)(C)C)c4)C5)(C(F)(F)F)C(F)(F)F)cc3C2=O)cc1,0.216999998
*c1ccc(N2C(=O)c3ccc(Oc4ccc(C(C)(C)C)cc4Oc4ccc5c(c4)C(=O)N(c4ccc(*)cc4OC)C5=O)cc3C2=O)c(OC)c1,0.159999999
*c1ccc(N2C(=O)c3ccc(Oc4ccc(Oc5ccc6c(c5)C(=O)N(c5ccc(C(*)(C)C)cc5)C6=O)cc4)cc3C2=O)cc1,0.069199999
*c1ccc(NC(=O)c2ccc(Oc3cc(C(C)(C)C)c(Oc4ccc(C(=O)Nc5ccc(C(*)(C)C)cc5C)cc4)cc3C(C)(C)C)cc2)c(C)c1,0.900000001
*c1ccc(OC(=O)Oc2ccc(C(*)(C)C)cc2)cc1,0.324999999
*c1ccc(OC(=O)Oc2ccc(C(*)(C)c3ccccc3)cc2)cc1,0.369999997
*c1ccc(OC(=O)Oc2ccc(C3(*)CC(C)CC(C)(C)C3)cc2)cc1,2.239999998
*c1ccc(OC(=O)c2cc(C(=O)Oc3ccc(C(*)(C)C)cc3C(C)C)cc(C(C)(C)C)c2)c(C(C)C)c1,1.429999998
*c1ccc(OC(=O)c2cc(C(=O)Oc3ccc(C(*)(C)C)cc3C)cc(C(C)(C)C)c2)c(C)c1,0.399999999
*c1ccc(OC(=O)c2ccc(-c3ccc(C(=O)Oc4ccc(C(*)(C)C)cc4)cc3)cc2)cc1,0.288999998
*c1ccc(OC(=O)c2ccc(C(=O)Oc3ccc(C(C)(C)c4ccc(OC(=O)c5cccc(C(=O)Oc6ccc(C(*)(C)C)cc6)c5)cc4)cc3)cc2)cc1,0.399999999
*c1ccc(OC(=O)c2ccc(C(=O)Oc3ccc(C(*)(C)C)cc3)cc2)cc1,0.678999993
*c1ccc(OC(=O)c2ccc(Oc3ccc(C(*)(C)C)cc3)cc2)cc1,0.399999999
*c1ccc(OC(=O)c2ccc(Oc3ccc(C(*)(C)C)cc3C)cc2)c(C)c1,0.169999999
*c1ccc(OC(=O)c2ccc(Oc3ccc(C4(*)OC(=O)c5ccccc54)cc3C)cc2)c(C)c1,0.180000002
*c1ccc(OC(=O)c2cccc(C(=O)Oc3ccc(C(*)(C)C)cc3)c2)cc1,0.559000003
*c1ccc(OC(=O)c2cccc(C(=O)Oc3ccc(C(*)(C)C)cc3C(C)C)c2)c(C(C)C)c1,0.305
*c1ccc(OC(=O)c2cccc(C(=O)Oc3ccc(C(*)(C)C)cc3C)c2)c(C)c1,0.0459
*c1ccc(OC(=O)c2cccc(C(=O)Oc3ccc(C(*)(C)c4ccccc4)cc3)c2)cc1,0.589999998
*c1ccc(OC(=O)c2cccc(C(=O)Oc3ccc(C(*)c4ccccc4C(=O)O)cc3)c2)cc1,0.334000002
*c1ccc(OC(=O)c2cccc(Oc3ccc(C(*)(C)C)cc3C)c2)c(C)c1,0.044
*c1ccc(OCC(O)COc2ccc(C(*)(C)C)cc2)cc1,0.019
*c1ccc(OOC(=O)c2ccc3c(c2)C(=O)c2cc(C(=O)Oc4ccc(C(*)(C)C)cc4)ccc2-3)cc1,0.207999998
*c1ccc(OOc2ccc(C(*)(C)C)cc2)cc1,2.159999999
*c1ccc(OOc2ccc(S(=O)(=O)c3ccc(Oc4ccc(C(*)(C)C)cc4)cc3)cc2)cc1,0.440000004
*c1ccc(OOc2ccc(*)cc2)cc1,1.739999999
*c1ccc(Oc2c(F)c(F)c(COC(c3ccc(C(OCc4c(F)c(F)c(Oc5ccc(C(*)(C)C)cc5)c(F)c4F)(C(F)(F)F)C(F)(F)F)cc3)(C(F)(F)F)C(F)(F)F)c(F)c2F)cc1,0.320000001
*c1ccc(Oc2c(F)c(F)c(COC(c3cccc(C(OCc4c(F)c(F)c(Oc5ccc(N6C(=O)CCC67CCC(=O)N7*)cc5)c(F)c4F)(C(F)(F)F)C(F)(F)F)c3)(C(F)(F)F)C(F)(F)F)c(F)c2F)cc1,0.250000001
*c1ccc(Oc2ccc(-c3ccc(-n4c(=O)c5cc6c(=O)n(-c7ccc(-c8ccc(Oc9ccc%10c(c9)C(*)(C)CC%10(C)C)c(C(F)(F)F)c8)cc7)c(=O)c6cc5c4=O)cc3)cc2C(F)(F)F)cc1,1.52
*c1ccc(Oc2ccc(-c3ccc(N4C(=O)c5ccc(C(=O)c6ccc7c(c6)C(=O)N(c6ccc(-c8ccc(Oc9ccc%10c(c9)C(*)(C)CC%10(C)C)c(C(F)(F)F)c8)cc6)C7=O)cc5C4=O)cc3)cc2C(F)(F)F)cc1,0.879999996
*c1ccc(Oc2ccc(-c3ccc(N4C(=O)c5ccc(Oc6ccc(C(C)(C)c7ccc(Oc8ccc9c(c8)C(=O)N(c8ccc(-c%10ccc(Oc%11ccc%12c(c%11)C(*)(C)CC%12(C)C)c(C(F)(F)F)c%10)cc8)C9=O)cc7)cc6)cc5C4=O)cc3)cc2C(F)(F)F)cc1,1.379999999
*c1ccc(Oc2ccc(-c3ccc(N4C(=O)c5ccc(Oc6ccc7c(c6)C(=O)N(c6ccc(-c8ccc(Oc9ccc%10c(c9)C(*)(C)CC%10(C)C)c(C(F)(F)F)c8)cc6)C7=O)cc5C4=O)cc3)cc2C(F)(F)F)cc1,1.620000002
*c1ccc(Oc2ccc(-c3ccc(Oc4ccc(S(*)(=O)=O)cc4)cc3)cc2)cc1,0.212
*c1ccc(Oc2ccc(-n3c(=O)c4cc5sc6cc7c(=O)n(*)c(=O)c7cc6sc5cc4c3=O)cc2)cc1,0.082
*c1ccc(Oc2ccc(C(=O)c3ccc(-c4ccc(C(=O)c5ccc(Oc6ccc(C(*)(C)C)cc6)cc5)cc4)cc3)cc2)cc1,0.140000001
*c1ccc(Oc2ccc(C(=O)c3ccc(-c4ccc([S+]([O-])c5ccc(Oc6ccc(C(*)(C)C)cc6)cc5)cc4)cc3)cc2)cc1,0.140000001
*c1ccc(Oc2ccc(C(=O)c3ccc(C(=O)c4ccc(Oc5ccc(C(*)(C)C)cc5)cc4)cc3)cc2)cc1,0.084000001
*c1ccc(Oc2ccc(C(=O)c3ccc(C(C)(C)c4ccc(C(=O)c5ccc(Oc6ccc(C(*)(C)C)cc6)cc5)cc4)cc3)cc2)cc1,0.22
*c1ccc(Oc2ccc(C(=O)c3ccc(Oc4ccc(C(*)(C)C)cc4)cc3)cc2)cc1,0.180000002
*c1ccc(Oc2ccc(C(=O)c3ccc(Oc4ccc(C5(*)OC(=O)c6ccccc65)cc4)cc3)cc2)cc1,0.720999992
*c1ccc(Oc2ccc(C(=O)c3ccc(Oc4ccc(C5(*)OC(=O)c6ccccc65)cc4C)cc3)cc2)c(C)c1,0.0701
*c1ccc(Oc2ccc(C(C)(C)c3ccc(Oc4ccc(S(*)(=C)=C)cc4)cc3)cc2)cc1,0.225000001
*c1ccc(Oc2ccc(C(*)(c3ccccc3)C(F)(F)F)cc2)cc1,0.650000005
*c1ccc(Oc2ccc(C(c3ccc(Oc4ccc(-c5ccc(*)s5)cc4C(F)(F)F)cc3)C3c4ccccc4-c4ccccc43)cc2)c(C(F)(F)F)c1,1.8
*c1ccc(Oc2ccc(C(c3ccc(Oc4ccc(-n5c(=O)c6cc7c(=O)n(*)c(=O)c7cc6c5=O)cc4)cc3)(C(F)(F)F)C(F)(F)F)cc2)cc1,0.605999994
*c1ccc(Oc2ccc(C(c3ccc(Oc4ccc(-n5c(=O)c6cc7c(=O)n(*)c(=O)c7cc6c5=O)cc4C(F)(F)F)cc3)(C(F)(F)F)C(F)(F)F)cc2)c(C(F)(F)F)c1,0.936999998
*c1ccc(Oc2ccc(C(c3ccc(Oc4ccc(C(*)(C)C)cc4)cc3)(C(F)(F)F)C(F)(F)F)cc2)cc1,0.544999997
*c1ccc(Oc2ccc(C(c3ccc(Oc4ccc(N5C(=O)c6ccc7c8c(ccc(c68)C5=O)C(=O)N(*)C7=O)cc4)cc3)(C(F)(F)F)C(F)(F)F)cc2)cc1,0.480000003
*c1ccc(Oc2ccc(C(c3ccc(Oc4ccc(S(*)(=O)=O)cc4)cc3)(C(F)(F)F)C(F)(F)F)cc2)cc1,0.548000002
*c1ccc(Oc2ccc(C3(c4ccc(Oc5ccc(S(*)(=O)=O)cc5)cc4)CCCCC3)cc2)cc1,0.1
*c1ccc(Oc2ccc(C3(c4ccc(Oc5ccc(S(*)(=O)=O)cc5)cc4)c4ccccc4-c4ccccc43)cc2)cc1,0.531999997
*c1ccc(Oc2ccc(Cc3ccc(Oc4ccc(C(*)(C)C)cc4)cc3)cc2)cc1,0.188
*c1ccc(Oc2ccc(Cc3ccc(Oc4ccc(S(*)(=O)=O)cc4)cc3)cc2)cc1,0.188999998
*c1ccc(Oc2ccc(N3C(=O)c4cc5c(cc4C3=O)S(=O)(=O)c3cc4c(cc3S5(=O)=O)C(=O)N(*)C4=O)cc2)cc1,0.180000002
*c1ccc(Oc2ccc(N3C(=O)c4ccc(-c5ccc6c(c5)C(=O)N(c5ccc(Oc7ccc(C(*)(C)C)cc7)cc5)C6=O)cc4C3=O)cc2)cc1,0.084599999
*c1ccc(Oc2ccc(Oc3ccc(Oc4ccc(C(*)(C)C)cc4)cc3)cc2)cc1,0.179
*c1ccc(Oc2ccc(Oc3ccc(Oc4ccc(S(*)(=O)=O)cc4)cc3)cc2)cc1,0.180000002
*c1ccc(Oc2ccc(Oc3ccc(S(*)(=O)=O)cc3)cc2)cc1,0.129999999
*c1ccc(Oc2ccc(S(=O)(=O)c3ccc(-c4ccc(S(=O)(=O)c5ccc(Oc6ccc(C(*)(C)C)cc6)cc5)cc4)cc3)cc2)cc1,0.499999995
*c1ccc(Oc2ccc(S(=O)(=O)c3ccc(Oc4ccc(C(C)(C)c5ccc(C(*)(C)C)cc5)cc4)cc3)cc2)cc1,0.340000002
*c1ccc(Oc2ccc(S(=O)(=O)c3ccc(Oc4ccc(C(C)(C)c5cccc(C(*)(C)C)c5)cc4)cc3)cc2)cc1,0.110000001
*c1ccc(Oc2ccc(S(=O)(=O)c3ccc(Oc4ccc(C(*)(C)C)cc4)cc3)cc2)cc1,0.267999998
*c1ccc(Oc2ccc(S(=O)(=O)c3ccc(Oc4ccc(C(*)(C)C)cc4C)cc3)cc2)c(C)c1,0.0691
*c1ccc(Oc2ccc(S(=O)(=O)c3ccc(Oc4ccc(C(*)(C)c5ccccc5)cc4)cc3)cc2)cc1,0.318999998
*c1ccc(Oc2ccc(S(=O)(=O)c3ccc(Oc4ccc(C(*)c5ccccc5C(=O)O)cc4)cc3)cc2)cc1,0.0395
*c1ccc(Oc2ccc(S(=O)(=O)c3ccc(Oc4ccc(C5(*)CCCCC5)cc4C)cc3)cc2)c(C)c1,0.0405
*c1ccc(Oc2ccc(S(=O)(=O)c3ccc(Oc4ccc(C5(*)OC(=O)c6ccccc65)cc4)cc3)cc2)cc1,0.143000001
*c1ccc(Oc2ccc(S(=O)(=O)c3ccc(Oc4ccc(C5(*)OC(=O)c6ccccc65)cc4C)cc3)cc2)c(C)c1,0.0727
*c1ccc(Oc2ccc(S(=O)(=O)c3ccc(Oc4cccc(C(*)(C)C)c4)cc3)cc2)cc1,0.052
*c1ccc(Oc2ccc(S(*)(=O)=O)cc2)cc1,0.172999999
*c1ccc(Oc2ccc3c(c2)C(=O)N(c2ccc(-c4ccc(Oc5ccc(C6(c7ccc(Oc8ccc(-c9ccc(N%10C(=O)c%11ccc(Oc%12ccc(C(*)(C)C)cc%12)cc%11C%10=O)cc9)cc8C(F)(F)F)cc7)c7ccccc7-c7ccccc76)cc5)c(C(F)(F)F)c4)cc2)C3=O)cc1,1.010000001
*c1ccc(Oc2ccc3c(c2)C(=O)N(c2ccc(Cc4ccc(N5C(=O)c6ccc(Oc7ccc(C(*)(C)C)cc7)cc6C5=O)cc4)cc2)C3=O)cc1,0.06
*c1ccc(Oc2ccc3c(c2)C(=O)N(c2cccc(N4C(=O)c5ccc(Oc6ccc(C(*)(C)C)cc6)cc5C4=O)c2)C3=O)cc1,0.0368
*c1ccc(Oc2ccc3cc(Oc4ccc(S(*)(=O)=O)cc4)ccc3c2)cc1,0.0366
*c1ccc(Oc2ccc3ccc(Oc4ccc(S(*)(=O)=O)cc4)cc3c2)cc1,0.05
*c1ccc(Oc2cccc3c(Oc4ccc(S(*)(=O)=O)cc4)cccc23)cc1,0.036
*c1ccc2c(c1)C(=O)C(c1ccc(-c3ccc(-c4ccc(-c5ccc(*)cc5C(=O)c5ccccc5)cc4C(=O)c4ccccc4)cc3C(=O)c3ccccc3)cc1C(F)(F)F)C2=O,0.140000001
*c1ccc2c(c1)C(=O)C(c1ccc(-c3ccc(C4C(=O)c5ccc(-c6ccc(C7C(=O)c8ccc(-c9ccc%10c(c9)C(=O)C(c9ccc(-c%11ccc%12c(c%11)C(=O)C(c%11ccc(-c%13ccc%14c(c%13)C(=O)C(c%13ccc(-c%15ccc%16c(c%15)C(=O)C(c%15ccc(-c%17ccc(C%18C(=O)c%19ccc(-c%20ccc%21c(c%20)C(=O)C(c%20ccc(-c%22ccc(*)cc%22C(=O)c%22ccccc%22)cc%20C(F)(F)F)C%21=O)cc%19C%18=O)c(C(F)(F)F)c%17)cc%15C(F)(F)F)C%16=O)cc%13C(F)(F)F)C%14=O)cc%11C(F)(F)F)C%12=O)cc9C(F)(F)F)C%10=O)cc8C7=O)c(C(F)(F)F)c6)cc5C4=O)c(C(F)(F)F)c3)cc1C(F)(F)F)C2=O,0.390000003
*c1ccc2c(c1)C(=O)C(c1ccc(-c3ccc(*)cc3C(=O)c3ccccc3)cc1C(F)(F)F)C2=O,0.260000001
*c1ccc2c(c1)C(=O)C(c1ccc(*)cc1C(F)(F)F)C2=O,0.359999999
*c1ccc2c(c1)C(=O)N(Oc1ccc(-c3ccc(C(c4ccc(Oc5ccc(N6C(=O)c7ccc(C(*)(C(F)(F)F)C(F)(F)F)cc7C6=O)cc5)cc4)(C(F)(F)F)C(F)(F)F)cc3)cc1)C2,0.519999996
*c1ccc2c(c1)C(=O)N(Oc1ccc(-c3ccc(C(c4ccc(Oc5ccc(N6C(=O)c7ccc(C(*)(C(F)(F)F)C(F)(F)F)cc7C6=O)cc5C(F)(F)F)cc4)(C(F)(F)F)C(F)(F)F)cc3)cc1C(F)(F)F)C2,0.703000008
*c1ccc2c(c1)C(=O)N(c1cc(N3C(=O)c4ccc(C(*)(C(F)(F)F)C(F)(F)F)cc4C3=O)cc(C(F)(F)F)c1)C2=O,0.449999996
*c1ccc2c(c1)C(=O)N(c1ccc(-c3ccc(N4C(=O)c5ccc(C(*)(C(F)(F)F)C(F)(F)F)cc5C4=O)c(O)c3)cc1O)C2=O,0.056200001
*c1ccc2c(c1)C(=O)N(c1ccc(-c3ccc(N4C(=O)c5ccc(*)cc5C4=O)c(O)c3)cc1O)C2=O,0.00041
*c1ccc2c(c1)C(=O)N(c1ccc(-c3ccc(Oc4ccc(C5(c6ccc(Oc7ccc(-c8ccc(N9C(=O)c%10ccc(C(*)(C(F)(F)F)C(F)(F)F)cc%10C9=O)cc8)cc7C(F)(F)F)cc6)C(=O)N(c6ccccc6)c6ccccc65)cc4)c(C(F)(F)F)c3)cc1)C2=O,1.010000001
*c1ccc2c(c1)C(=O)N(c1ccc(-c3ccc(Oc4ccc(C5(c6ccc(Oc7ccc(-c8ccc(N9C(=O)c%10ccc(C(*)(C(F)(F)F)C(F)(F)F)cc%10C9=O)cc8)cc7C(F)(F)F)cc6)c6ccccc6-c6ccccc65)cc4)c(C(F)(F)F)c3)cc1)C2=O,1.339999999
*c1ccc2c(c1)C(=O)N(c1ccc(C(c3ccc(N4C(=O)c5ccc(C(*)(C(F)(F)F)C(F)(F)F)cc5C4=O)cc3)(C(F)(F)F)C(F)(F)F)cc1)C2,1.339999999
*c1ccc2c(c1)C(=O)N(c1ccc(C(c3ccc(N4C(=O)c5ccc(C(*)(C(F)(F)F)C(F)(F)F)cc5C4=O)cc3)(C(F)(F)F)C(F)(F)F)cc1)C2=O,1.549999999
*c1ccc2c(c1)C(=O)N(c1ccc(C(c3ccc(N4C(=O)c5ccc(*)cc5C4=O)cc3)(C(F)(F)F)C(F)(F)F)cc1)C2,0.779999995
*c1ccc2c(c1)C(=O)N(c1ccc(C(c3ccc(N4C(=O)c5ccc(*)cc5C4=O)cc3)(C(F)(F)F)C(F)(F)F)cc1)C2=O,0.686000007
*c1ccc2c(c1)C(=O)N(c1ccc(Cc3ccc(N4C(=O)c5ccc(C(*)(C(F)(F)F)C(F)(F)F)cc5C4=O)c(Cl)c3)cc1Cl)C2=O,0.121
*c1ccc2c(c1)C(=O)N(c1ccc(Cc3ccc(N4C(=O)c5ccc(C(*)(C(F)(F)F)C(F)(F)F)cc5C4=O)cc3)cc1)C2=O,0.371
*c1ccc2c(c1)C(=O)N(c1ccc(Cc3ccc(N4C(=O)c5ccc(*)cc5C4=O)c(Cl)c3)cc1Cl)C2=O,0.0164
*c1ccc2c(c1)C(=O)N(c1ccc(Cc3ccc(N4C(=O)c5ccc(*)cc5C4=O)cc3)cc1)C2=O,0.0485
*c1ccc2c(c1)C(=O)N(c1ccc(Cc3ccc(N4C(=O)c5ccc(*)cc5C4=O)cc3Br)c(Br)c1)C2=O,0.0054
*c1ccc2c(c1)C(=O)N(c1ccc(Cc3ccc(N4C(=O)c5ccc(*)cc5C4=O)cc3Cl)c(Cl)c1)C2=O,0.0055
*c1ccc2c(c1)C(=O)N(c1ccc(Cc3ccc(N4C(=O)c5ccc(*)cc5C4=O)cc3F)c(F)c1)C2=O,0.0129
*c1ccc2c(c1)C(=O)N(c1ccc(N(c3ccc(N4C(=O)c5ccc(C(*)(C(F)(F)F)C(F)(F)F)cc5C4=O)cc3)c3ccc(N(c4ccccc4)c4ccccc4)cc3)cc1)C2=O,1.24
*c1ccc2c(c1)C(=O)N(c1ccc(N(c3ccccc3)c3ccc(N4C(=O)c5ccc(C(*)(C(F)(F)F)C(F)(F)F)cc5C4=O)cc3)cc1)C2=O,0.380000003
*c1ccc2c(c1)C(=O)N(c1ccc(N(c3ccccc3)c3ccc(N4C(=O)c5ccc(*)cc5C4=O)cc3)cc1)C2=O,0.164999998
*c1ccc2c(c1)C(=O)N(c1ccc(N3C(=O)c4ccc(C(*)(C(F)(F)F)C(F)(F)F)cc4C3=O)cc1)C2=O,0.207000002
*c1ccc2c(c1)C(=O)N(c1ccc(N3C(=O)c4ccc([Si](*)(C)C)cc4C3=O)cc1)C2=O,0.063999999
*c1ccc2c(c1)C(=O)N(c1ccc(NC(=O)C(F)(F)C(F)(F)C(F)(F)C(F)(F)C(=O)Nc3ccc(N4C(=O)c5ccc(C(*)(C(F)(F)F)C(F)(F)F)cc5C4=O)cc3)cc1)C2=O,0.120000001
*c1ccc2c(c1)C(=O)N(c1ccc(NC(=O)C(F)(F)C(F)(F)C(F)(F)C(F)(F)C(F)(F)C(F)(F)C(=O)Nc3ccc(N4C(=O)c5ccc(C(*)(C(F)(F)F)C(F)(F)F)cc5C4=O)cc3)cc1)C2=O,0.169999999
*c1ccc2c(c1)C(=O)N(c1ccc(Oc3ccc(-c4ccc(-c5ccc(-c6ccc(Oc7ccc(N8C(=O)c9ccc(C(*)(C(F)(F)F)C(F)(F)F)cc9C8=O)cc7)c(C(F)(F)F)c6)cc5)cc4)cc3C(F)(F)F)cc1)C2=O,1.509999999
*c1ccc2c(c1)C(=O)N(c1ccc(Oc3ccc(-c4ccc(-c5ccc(Oc6ccc(N7C(=O)c8ccc(C(*)(C(F)(F)F)C(F)(F)F)cc8C7=O)cc6)c(C(F)(F)F)c5)cc4)cc3C(F)(F)F)cc1)C2=O,1.189999999
*c1ccc2c(c1)C(=O)N(c1ccc(Oc3ccc(-c4ccc(-c5ccc(Oc6ccc(N7C(=O)c8ccc(C(*)(C(F)(F)F)C(F)(F)F)cc8C7=O)cc6)c(C(F)(F)F)c5)s4)cc3C(F)(F)F)cc1)C2=O,1.680000001
*c1ccc2c(c1)C(=O)N(c1ccc(Oc3ccc(-c4ccc(Oc5ccc(N6C(=O)c7ccc(C(*)(C(F)(F)F)C(F)(F)F)cc7C6=O)cc5)cc4)cc3)cc1)C2=O,0.215
*c1ccc2c(c1)C(=O)N(c1ccc(Oc3ccc(-c4cccc(-c5ccc(Oc6ccc(N7C(=O)c8ccc(C(*)(C(F)(F)F)C(F)(F)F)cc8C7=O)cc6)c(C(F)(F)F)c5)n4)cc3C(F)(F)F)cc1)C2=O,1.949999998
*c1ccc2c(c1)C(=O)N(c1ccc(Oc3ccc(C(c4ccc(-c5ccc(Oc6ccc(N7C(=O)c8ccc(*)cc8C7=O)cc6)cc5)cc4)(C(F)(F)F)C(F)(F)F)cc3)cc1)C2,0.144999999
*c1ccc2c(c1)C(=O)N(c1ccc(Oc3ccc(C(c4ccc(-c5ccc(Oc6ccc(N7C(=O)c8ccc(*)cc8C7=O)cc6C(F)(F)F)cc5)cc4)(C(F)(F)F)C(F)(F)F)cc3)c(C(F)(F)F)c1)C2,0.278999998
*c1ccc2c(c1)C(=O)N(c1ccc(Oc3ccc(C(c4ccc(Oc5ccc(N6C(=O)c7ccc(C(*)(C(F)(F)F)C(F)(F)F)cc7C6=O)cc5)cc4)(C(F)(F)F)C(F)(F)F)cc3)cc1)C2=O,0.440000004
*c1ccc2c(c1)C(=O)N(c1ccc(Oc3ccc(C(c4ccc(Oc5ccc(N6C(=O)c7ccc(C(*)(C(F)(F)F)C(F)(F)F)cc7C6=O)cc5C(F)(F)F)cc4)(C(F)(F)F)C(F)(F)F)cc3)c(C(F)(F)F)c1)C2=O,0.703000008
*c1ccc2c(c1)C(=O)N(c1ccc(Oc3ccc(C(c4ccc(Oc5ccc(N6C(=O)c7ccc(*)cc7C6=O)cc5)cc4)(C(F)(F)F)C(F)(F)F)cc3)cc1)C2=O,0.215999999
*c1ccc2c(c1)C(=O)N(c1ccc(Oc3ccc(C(c4ccc(Oc5ccc(N6C(=O)c7ccc(*)cc7C6=O)cc5C(F)(F)F)cc4)(C(F)(F)F)C(F)(F)F)cc3)c(C(F)(F)F)c1)C2=O,0.278999998
*c1ccc2c(c1)C(=O)N(c1ccc(Oc3ccc(N4C(=O)c5ccc(C(*)(C(F)(F)F)C(F)(F)F)cc5C4=O)cc3)cc1)C2,0.341000001
*c1ccc2c(c1)C(=O)N(c1ccc(Oc3ccc(N4C(=O)c5ccc(C(*)(C(F)(F)F)C(F)(F)F)cc5C4=O)cc3)cc1)C2=O,0.343
*c1ccc2c(c1)C(=O)N(c1ccc(Oc3ccc(N4C(=O)c5ccc(*)cc5C4=O)cc3)cc1)C2,0.0099
*c1ccc2c(c1)C(=O)N(c1ccc(Oc3ccc(N4C(=O)c5ccc(*)cc5C4=O)cc3)cc1)C2=O,0.028
*c1ccc2c(c1)C(=O)N(c1ccc(Oc3ccc(N4C(=O)c5ccc([Si](*)(C)C)cc5C4=O)cc3)cc1)C2=O,0.161000001
*c1ccc2c(c1)C(=O)N(c1ccc(Oc3ccc(Oc4ccc(Oc5ccc(N6C(=O)c7ccc(*)cc7C6=O)cc5)cc4)cc3)cc1)C2=O,0.0305
*c1ccc2c(c1)C(=O)N(c1ccc(Oc3ccc(S(=O)(=O)c4ccc(Oc5ccc(N6C(=O)c7ccc(*)cc7C6=O)cc5)cc4)cc3)cc1)C2=O,0.0397
*c1ccc2c(c1)C(=O)N(c1ccc(S(=O)(=O)c3ccc(N4C(=O)c5ccc(C(*)(C(F)(F)F)C(F)(F)F)cc5C4=O)cc3)cc1)C2=O,0.340000002
*c1ccc2c(c1)C(=O)N(c1ccc(S(=O)(=O)c3ccc(N4C(=O)c5ccc(*)cc5C4=O)cc3)cc1)C2=O,0.0533
*c1ccc2c(c1)C(=O)N(c1ccc(Sc3ccc(N4C(=O)c5ccc(C(*)(C(F)(F)F)C(F)(F)F)cc5C4=O)cc3)cc1)C2=O,0.660000007
*c1ccc2c(c1)C(=O)N(c1ccc(Sc3ccc(N4C(=O)c5ccc(*)cc5C4=O)cc3)cc1)C2=O,0.0164
*c1ccc2c(c1)C(=O)N(c1ccc(Sc3ccc(Sc4ccc(N5C(=O)c6ccc(C(*)(C(F)(F)F)C(F)(F)F)cc6C5=O)cc4)cc3)cc1)C2=O,0.279999999
*c1ccc2c(c1)C(=O)N(c1ccc(Sc3ccc(Sc4ccc(Sc5ccc(N6C(=O)c7ccc(C(*)(C(F)(F)F)C(F)(F)F)cc7C6=O)cc5)cc4)cc3)cc1)C2=O,0.22
*c1ccc2c(c1)C(=O)N(c1ccc(Sc3ccc(Sc4ccc(Sc5ccc(Sc6ccc(N7C(=O)c8ccc(C(*)(C(F)(F)F)C(F)(F)F)cc8C7=O)cc6)cc5)cc4)cc3)cc1)C2=O,0.260000001
*c1ccc2c(c1)C(=O)N(c1ccc3[nH]c4ccc(N5C(=O)c6ccc(C(*)(C(F)(F)F)C(F)(F)F)cc6C5=O)cc4c3c1)C2=O,0.303000001
*c1ccc2c(c1)C(=O)N(c1ccc3c(c1)C1c4ccc(N5C(=O)c6ccc(C(*)(C(F)(F)F)C(F)(F)F)cc6C5=O)cc4C3c3cc4ccccc4cc31)C2=O,7.100000005
*c1ccc2c(c1)C(=O)N(c1ccc3c(c1)C1c4ccccc4C3c3cc(N4C(=O)c5ccc(C(*)(C(F)(F)F)C(F)(F)F)cc5C4=O)ccc31)C2=O,3.199999998
*c1ccc2c(c1)C(=O)N(c1ccc3c(c1)Cc1cc(N4C(=O)c5ccc(C(*)(C(F)(F)F)C(F)(F)F)cc5C4=O)ccc1-3)C2=O,0.459000005
*c1ccc2c(c1)C(=O)N(c1cccc(C(c3cccc(N4C(=O)c5ccc(C(*)(C(F)(F)F)C(F)(F)F)cc5C4=O)c3)(C(F)(F)F)C(F)(F)F)c1)C2=O,0.080000001
*c1ccc2c(c1)C(=O)N(c1cccc(N3C(=O)c4ccc(C(*)(C(F)(F)F)C(F)(F)F)cc4C3=O)c1)C2=O,0.143999999
*c1ccc2c(c1)C(=O)N(c1cccc(NC(=O)C(F)(F)C(F)(F)C(F)(F)C(F)(F)C(=O)Nc3cccc(N4C(=O)c5ccc(C(*)(C(F)(F)F)C(F)(F)F)cc5C4=O)c3)c1)C2=O,0.04
*c1ccc2c(c1)C(=O)N(c1cccc(NC(=O)C(F)(F)C(F)(F)C(F)(F)C(F)(F)C(F)(F)C(F)(F)C(=O)Nc3cccc(N4C(=O)c5ccc(C(*)(C(F)(F)F)C(F)(F)F)cc5C4=O)c3)c1)C2=O,0.09
*c1ccc2c(c1)C(=O)N(c1cccc(Oc3ccc(C(c4ccc(Oc5cccc(N6C(=O)c7ccc(C(*)(C(F)(F)F)C(F)(F)F)cc7C6=O)c5)cc4)(C(F)(F)F)C(F)(F)F)cc3)c1)C2=O,0.136000001
*c1ccc2c(c1)C(=O)N(c1cccc(Oc3ccc(N4C(=O)c5ccc(C(*)(C(F)(F)F)C(F)(F)F)cc5C4=O)cc3)c1)C2,0.124999999
*c1ccc2c(c1)C(=O)N(c1cccc(Oc3cccc(N4C(=O)c5ccc(C(*)(C(F)(F)F)C(F)(F)F)cc5C4=O)c3)c1)C2=O,0.032
*c1ccc2c(c1)C(=O)N(c1cccc(S(=O)(=O)c3cccc(N4C(=O)c5ccc(C(*)(C(F)(F)F)C(F)(F)F)cc5C4=O)c3)c1)C2=O,0.0445
*c1ccc2c(c1)C(=O)n1c-2nc2ccc(Oc3ccc4nc5n(c4c3)C(=O)c3cc(C(*)(C(F)(F)F)C(F)(F)F)ccc3-5)cc21,0.54
*c1ccc2c(c1)C1(CC2(C)C)CC(C)(C)c2ccc(N3C(=O)c4cc5c(cc4C3=O)C3(CC(C)(C)c4cc6c(cc43)C(=O)N(*)C6=O)CC5(C)C)cc21,128.9999999
*c1ccc2c(c1)C=C1C(=O)C(N3C(=O)c4ccc(C(c5ccc6c(c5)C(=O)N(*)C6=O)(C(F)(F)F)C(F)(F)F)cc4C3=O)=CC=C12,0.129
*c1ccc2c(c1)c1cc(N3C(=O)c4ccc(C(c5ccc6c(c5)C(=O)N(*)C6=O)(C(F)(F)F)C(F)(F)F)cc4C3=O)ccc1n2CC,1.030000001
*c1ccc2oc(-c3ccc4cc(-c5nc6cc(C(*)(C(F)(F)F)C(F)(F)F)ccc6o5)ccc4c3)nc2c1,0.096999999
*c1cccc(N2C(=O)c3ccc(C(c4ccc5c(c4)C(=O)N(*)C5=O)(C(F)(F)F)C(F)(F)F)cc3C2=O)c1C,0.876000008
*c1cccc(Oc2ccc(C(c3ccc(Oc4cccc(-n5c(=O)c6cc7c(=O)n(*)c(=O)c7cc6c5=O)c4)cc3)(C(F)(F)F)C(F)(F)F)cc2)c1,0.169999999
*c1cccc2c(-n3c(=O)c4cc5oc6cc7c(cc6oc5cc4c3=O)C3(CC(C)(C)c4cc5oc6cc8c(=O)n(*)c(=O)c8cc6oc5cc43)CC7(C)C)cccc12,26.99999999
*c1cncc(-c2ccc(Oc3ccc(C(c4ccc(Oc5ccc(*)cc5C(F)(F)F)cc4)C4c5ccccc5-c5ccccc54)cc3)c(C(F)(F)F)c2)c1,1.589999999
*c1nnc(C2CCC(*)CC2)o1,2.789999998
