smiles,He_Permeability_Barrer
*CC(*)F,0.682999994
*CC(*)(F)F,1.72
*CCC(F)(F)C(*)(F)F,5.630000002
*Nc1ccc(*)cc1,4.150000003
*CC(*)C#N,0.53
*CC(*)OC(C)=O,12.6
*CC(*)(C)C(=O)OCC,23.8
*CC(C)O*,101.0000001
*Sc1ccc(*)cc1,4.039999999
*C*,5.64
*CC(*)CC(C)C,112.0000001
*CC(*)c1ccc(F)cc1,34.40000003
*CC(*)c1ccncc1,12.4
*CC(*)C(=O)OCC,43.99999995
*CC(*)C(=O)OCCCCCCCCCCCCCC,52.9
*CC(*)(C)C(=O)OC,7.590000002
*CC(*)Cl,1.5
*CC(CCl)O*,4.830000003
*Oc1ccc(*)cc1,78.10000002
*Oc1c(C)cc(*)cc1C,101.0000001
*Oc1c(-c2ccccc2)cc(*)cc1-c1ccccc1,32.70000003
*CC1CC(*)OCO1,1.600000001
*c1ccc(Oc2ccc(-n3c(=O)c4cc5c(=O)n(*)c(=O)c5cc4c3=O)cc2)cc1,5.6
*c1ccc(Cc2ccc(-n3c(=O)c4cc5c(=O)n(*)c(=O)c5cc4c3=O)cc2)cc1,6.679999993
*C(=O)c1ccc2c(c1)C(=O)N(c1ccc(C(c3ccc(N4C(=O)c5ccc(*)cc5C4=O)cc3)(C(F)(F)F)C(F)(F)F)cc1)C2=O,26.69999998
*Oc1ccc(C2(c3ccc(OC(*)=O)cc3)c3ccccc3-c3ccccc32)cc1,21.80000002
*Oc1ccc(C(=C(Cl)Cl)c2ccc(OC(*)=O)cc2)cc1,12.0
*C=CC1CC(*)C(C(F)(F)F)(C(F)(F)F)C1(F)F,184.9999998
*C(C)=C(*)SCC,59.99999995
*Nc1ccc(C2(c3ccc(NC(=O)c4ccc(C(*)=O)cc4)cc3)c3ccccc3-c3ccccc32)cc1,24.69999999
*c1cccc(-c2nc3cc(-c4ccc5[nH]c(*)nc5c4)ccc3[nH]2)c1,1.05
*CC(*)c1ccccc1,22.10000002
*CC(*)c1ccc(C)cc1,37.10000003
*CC(*)c1ccc(O)cc1,3.4
*/C(=C(/*)c1ccc([Si](C(C)C)(C(C)C)C(C)C)cc1)c1ccccc1,315.0000002
*/C(=C(/*)c1ccc([Si](C)(C)C)cc1)c1ccc(-c2ccc(C(C)(C)C)cc2)cc1,560.0
*/C(=C(/*)c1ccc([Si](C)(C)C)cc1)c1ccccc1,1000.0
*/C(=C(/*)c1ccc([Si](c2ccccc2)(c2ccccc2)c2ccccc2)cc1)c1ccccc1,33.00000001
*/C(=C(/*)c1ccc2c(c1)-c1cc([Si](C)(C)C)ccc1C2(C)C)c1ccccc1,8799.999997
*/C(=C(/*)c1ccc2c(c1)-c1ccccc1C2(C)C)c1ccccc1,890.0000007
*/C(=C(/*)c1ccc2c(c1)-c1ccccc1C21CC1)c1ccc([Si](C)(C)C)cc1,479.9999996
*/C(=C(/*)c1ccc2c(c1)-c1ccccc1C21CC1)c1ccccc1,850.0000006
*/C(=C(/*)c1ccc2c(c1)C(C)(C)C(C)(C)C2(C)C)c1ccccc1,10100.00001
*/C(=C(/*)c1ccc2c(c1)C(C)(C)CC2(C)C)c1cc(F)cc(F)c1,13700.0
*/C(=C(/*)c1ccc2c(c1)C(C)(C)CC2(C)C)c1ccc(Br)cc1,9199.999993
*/C(=C(/*)c1ccc2c(c1)C(C)(C)CC2(C)C)c1ccc(C)cc1,4999.999996
*/C(=C(/*)c1ccc2c(c1)C(C)(C)CC2(C)C)c1ccc(Cl)cc1,9300.00001
*/C(=C(/*)c1ccc2c(c1)C(C)(C)CC2(C)C)c1ccc(F)c(F)c1,17799.99999
*/C(=C(/*)c1ccc2c(c1)C(C)(C)CC2(C)C)c1ccc(F)cc1,15800.0
*/C(=C(/*)c1ccc2c(c1)C(C)(C)CC2(C)C)c1ccc([Si](C)(C)C)cc1,530.0000005
*/C(=C(/*)c1ccc2c(c1)C(C)(C)CC2(C)C)c1ccccc1,10900.0
*/C(=C(/*)c1ccc2c(c1)C(C)(C)CCC2(C)C)c1ccccc1,3499.999997
*/C(=C(/*)c1ccc2c(c1)CCC2)c1ccc([Si](C)(C)C)cc1,200.0000002
*/C(=C(/*)c1ccc2c(c1)Cc1ccccc1-2)c1ccc([Si](C)(C)C)cc1,1299.999999
*/C(=C(/*)c1ccc2c(c1)Cc1ccccc1-2)c1ccccc1,1600.000001
*/C(=C(/*)c1ccc2c(ccc3ccccc32)c1)c1ccc([Si](C)(C)C)cc1,450.0000002
*/C(=C(/*)c1ccc2c(ccc3ccccc32)c1)c1ccccc1,1149.999999
*/C(=C(/*)c1cccc(-c2ccc(C(C)(C)C)cc2)c1)c1ccccc1,215.0
*/C(=C(/*)c1cccc(-c2ccccc2)c1)c1ccccc1,200.0000002
*/C(=C(/*)c1cccc([Si](C)(C)C)c1)c1ccccc1,634.9999996
*/C(=C(/*)c1ccccc1F)c1ccc2c(c1)C(C)(C)CC2(C)C,12800.00001
*/C(C)=C(/*)CC(C)C,460.0000003
*/C(C)=C(/*)CCC(C)C,240.0000002
*/C(C)=C(/*)[Si](C)(C)C(C)C,680.0000005
*/C(C)=C(/*)[Si](C)(C)CC,829.9999993
*/C(C)=C(/*)[Si](C)(C)CCC,150.0
*/C(C)=C(/*)[Si](C)(C)CCCC,61.99999993
*/C(C)=C(/*)[Si](C)(C)CCCCC,36.99999999
*/C(C)=C(/*)[Si](C)(C)c1ccccc1,8.299999993
*/C(C)=C(/*)c1ccccc1,30.00000002
*/C(CC)=C(/*)c1ccccc1,39.99999997
*/C(CCCCCC)=C(/*)c1ccccc1,30.00000002
*/C(Cl)=C(/*)CCCC,39.99999997
*/C(Cl)=C(/*)CCCCCC,41.00000003
*/C(Cl)=C(/*)c1ccccc1,23.0
*/C=C(/*)C(C)(C)C,180.0
*/C=C(/*)c1ccc(-c2ccc([Si](C)(C)C)cc2)cc1,369.9999999
*/C=C(/*)c1ccc(C[Si](C)(C)C)cc1,240.0000002
*/C=C(/*)c1ccc(O[Si](C)(C)C(C)(C)C)cc1,47.99999996
*/C=C(/*)c1ccccc1C,29.00000001
*/C=C(/*)c1ccccc1C(F)(F)F,129.9999999
*=CC1CCC(C=*)C1,21.00000001
*=NP(=NP(=*)(OCC(C)(C)C)Oc1ccccc1)(Oc1ccccc1)Oc1ccccc1,21.09999999
*=NP(=NP(=*)(Oc1ccc(OC)cc1)Oc1ccccc1CC=C)(OCCCOCCOC)Oc1ccc(OC)cc1,16.99999999
*=NP(=NP(=*)(Oc1ccccc1)Oc1ccc([Si](C)(C)C)cc1)(Oc1ccc(Br)cc1)Oc1ccc([Si](C)(C)C)cc1,61.79999999
*=NP(=NP(=*)(Oc1ccccc1)Oc1ccc([Si](C)(C)c2ccccc2)cc1)(Oc1ccc(Br)cc1)Oc1ccc([Si](C)(C)c2ccccc2)cc1,20.69999998
*=NP(=NP(=*)(Oc1ccccc1)Oc1ccc([Si](C)(c2ccccc2)c2ccccc2)cc1)(Oc1ccc(Br)cc1)Oc1ccc([Si](C)(c2ccccc2)c2ccccc2)cc1,10.5
*C(=C(*)c1ccc(C(C)(C)C)cc1)c1ccc(O)cc1,190.0
*C(=C(*)c1ccc(C(C)(C)C)cc1)c1ccc(O[Si](C)(C)C(C)(C)C)cc1,530.0000005
*C(=C(*)c1ccc([Si](C)(C)C)cc1)c1ccc(O[Si](C)(C)C(C)(C)C)cc1,789.9999995
*C(=C(*)c1ccc2c(c1)C(C)(C)c1cc(Br)ccc1-2)c1ccccc1,1500.0
*C(=C(*)c1ccc2c(c1)C(C)(C)c1cc([Si](C)(C)C)ccc1-2)c1ccccc1,3400.0
*C(=C(*)c1ccc2c(c1)C(C)(C)c1ccccc1-2)c1cc(F)cc(F)c1,2100.000001
*C(=C(*)c1ccc2c(c1)C(C)(C)c1ccccc1-2)c1ccc(Br)cc1,3400.0
*C(=C(*)c1ccc2c(c1)C(C)(C)c1ccccc1-2)c1ccc(C(C)(C)C)cc1,2699.999999
*C(=C(*)c1ccc2c(c1)C(C)(C)c1ccccc1-2)c1ccc(F)c(F)c1,4999.999996
*C(=C(*)c1ccc2c(c1)C(C)(C)c1ccccc1-2)c1ccc(F)cc1,4600.000003
*C(=C(*)c1ccc2c(c1)C(C)(C)c1ccccc1-2)c1ccc([Si](C)(C)C)cc1,520.0000004
*C(=C(*)c1ccc2c(c1)C(C)(C)c1ccccc1-2)c1cccc(F)c1,4100.000003
*C(=C(*)c1ccc2c(c1)C(C)(C)c1ccccc1-2)c1ccccc1,3199.999998
*C(=C(*)c1ccc2c(c1)C1(CC1)c1ccccc1-2)c1ccc([Si](C)(C)C)cc1,839.9999999
*C(=C(*)c1ccc2c(c1)C1(CC1)c1ccccc1-2)c1ccccc1,599.9999995
*C(=C(*)c1cccc(O)c1)c1ccc(C(C)(C)C)cc1,810.0000002
*C(=C(*)c1cccc(O[Si](C)(C)C(C)(C)C)c1)c1ccc(C(C)(C)C)cc1,1600.000001
*C(=C(*)c1cccc(O[Si](C)(C)C(C)(C)C)c1)c1ccc([Si](C)(C)C)cc1,839.9999999
*C(=O)COc1c(Br)cc(C(C)(C)c2cc(Br)c(OC(=O)c3cc(*)cc(C(C)(C)C)c3)c(Br)c2)cc1Br,41.60000004
*C(=O)COc1c(Br)cc(C(c2cc(Br)c(OC(=O)c3cc(*)cc(C(C)(C)C)c3)c(Br)c2)(C(F)(F)F)C(F)(F)F)cc1Br,124.0
*C(=O)COc1c(Br)cc2c(c1Br)C(C)(C)c1cc(Br)c(OC(=O)c3cc(*)cc(C(C)(C)C)c3)c(Br)c1-2,94.39999994
*C(=O)Nc1ccc(C2(c3ccc(NC(=O)c4cc(*)cc(C(C)(C)C)c4)cc3)c3ccccc3-c3ccccc32)cc1,53.4
*C(=O)Oc1c(Br)cc(C(C)(C)c2cc(Br)c(OC(=O)c3cc(*)cc(C(C)(C)C)c3)c(Br)c2)cc1Br,41.60000004
*C(=O)Oc1c(Br)cc(C2(c3cc(Br)c(OC(=O)c4cc(*)cc(C(C)(C)C)c4)c(Br)c3)OC(=O)c3ccccc32)cc1Br,51.29999999
*C(=O)Oc1c(Br)cc(C2(c3cc(Br)c(OC(=O)c4cc(*)cc(C(C)(C)C)c4)c(Br)c3)c3ccccc3-c3ccccc32)cc1Br,94.39999994
*C(=O)Oc1ccc(C(C)(C)c2ccc(OC(=O)c3cc(*)cc(C(C)(C)C)c3)cc2)cc1,34.3
*C(=O)Oc1ccc(C(c2ccc(OC(=O)c3cc(*)cc(C(C)(C)C)c3)cc2)(C(F)(F)F)C(F)(F)F)cc1,91.10000001
*C(=O)Oc1ccc(C2(c3ccc(OC(=O)c4cc(*)cc(C(C)(C)C)c4)cc3)OC(=O)c3ccccc32)cc1,35.6
*C(=O)Oc1ccc(C2(c3ccc(OC(=O)c4cc(*)cc(C(C)(C)C)c4)cc3)c3ccccc3-c3ccccc32)cc1,45.90000005
*C(=O)c1ccc(-c2ccc(C(=O)c3ccc(Oc4ccc(S(=O)(=O)c5ccc(Oc6ccc(*)cc6)cc5)cc4)cc3)cc2)cc1,7.699999997
*C(=O)c1ccc(C(c2ccc(C(=O)c3ccc(Oc4ccc(C(c5ccc(Oc6ccc(*)cc6)cc5)(C(F)(F)F)C(F)(F)F)cc4)cc3)cc2)(C(F)(F)F)C(F)(F)F)cc1,41.99999996
*C(=O)c1ccc2c(c1)C(=O)N(c1cccc(C(c3cccc(N4C(=O)c5ccc(*)cc5C4=O)c3)(C(F)(F)F)C(F)(F)F)c1)C2=O,16.99999999
*C(C)=C(*)C(C)C,2640.000001
*C(C)=C(*)SCCCC,58.00000006
*C(C)=C(*)SCCCCCC,43.00000004
*C(C)=C(*)SCCCCCCCC,57.00000004
*C(C)=C(*)SCCCCCCCCCC,41.99999996
*C(C)=C(*)[Si](C)(C)C,5769.999998
*C(C)=C(*)c1ccc([Si](C)(C)C)cc1,1100.0
*C(Cl)=C(*)c1ccccc1,34.8
*C(F)(F)C(F)(F)C1(F)C(F)(F)C(*)(F)OC(F)(F)C1(F)F,169.9999999
*C(F)(F)C(F)(F)CC1(F)OC(F)(F)OC1(*)OC(F)(F)F,430.0000004
*C1C(*)C2CC1C1C2C([Si](C)(C)C)C1[Si](C)(C)C,1889.999999
*C1C(*)C2CC1C1CC([Si](C)(C)C)C21,930.000001
*C=C(*)C(C)(C)C,810.0000002
*C=CC1CC(*)c2c1c(O)n(C1CCCC1)c2O,15.40000001
*C=CC1CC(*)c2c1c(O)n(C1CCCCC1)c2O,25.09999997
*C=CC1CC(*)C2C1C([Si](O[Si](C)(C)C)(O[Si](C)(C)C)O[Si](C)(C)C)C2[Si](O[Si](C)(C)C)(O[Si](C)(C)C)O[Si](C)(C)C,419.9999996
*CC(*)(C)C(=O)OC(C)(C)C,74.59999992
*CC(*)(C)c1ccccc1,14.49999999
*CC(*)C(=O)OC,11.49999999
*CC(*)C(=O)OCCCCCCCCCC,57.00000004
*CC(*)OC(=O)c1ccc(C)cc1,14.60000001
*CC(*)OC(=O)c1cccc(C)c1,8.229999996
*CC(*)OC(=O)c1ccccc1C,7.059999999
*CC(*)[Si](C)(C)C,180.0
*CC(*)c1ccc(Br)cc1,16.4
*CC(*)c1ccc(C(C)(C)C)cc1,103.9999999
*CC(*)c1ccc(C[Si](C)(C)C)cc1,46.00000003
*CC(*)c1ccc(Cl)cc1,16.4
*CC(*)c1ccc(OC(C)=O)cc1,18.59999999
*CC(*)c1ccc(OC)cc1,15.0
*CC(*)c1ccc([Si](C)(C)C)cc1,117.0000001
*CC(*)c1ccc([Si](C)(C)CCC(F)(F)F)cc1,94.99999994
*CCC1CC(*)C2C1C([Si](O[Si](C)(C)C)(O[Si](C)(C)C)O[Si](C)(C)C)C2[Si](O[Si](C)(C)C)(O[Si](C)(C)C)O[Si](C)(C)C,300.0000002
*CCCCCCCC[Si](C)(C)O[Si](*)(C)C,173.9999999
*CCCCCC[Si](C)(C)O[Si](*)(C)C,194.0
*CCCCCOC(*)=O,5.479999994
*CC[Si](C)(C)O[Si](*)(C)C,272.0
*CC[Si](C)(C)c1ccc([Si](C)(C)CC[Si](*)(C)C)cc1,10.59999999
*CN1C(=O)c2ccc(C(c3ccc4c(c3)C(=O)N(Cc3ccc(-c5cc(C)c(-c6ccc(*)cc6C)cc5C)c(C)c3)C4=O)C(F)(F)F)cc2C1=O,71.00000005
*COC*,1.699999999
*COc1c(Br)cc(C(c2cc(Br)c(OC(=O)c3cccc(C(*)=O)c3)c(Br)c2)(C(F)(F)F)C(F)(F)F)cc1Br,66.29999994
*Cc1cc(C)c(-n2c(=O)c3cc4c(=O)n(-c5c(C)cc(*)cc5C)c(=O)c4cc3c2=O)c(C)c1,87.00000008
*Cc1cc(C)c(N2C(=O)c3ccc(-c4ccc5c(c4)C(=O)N(c4c(C)cc(*)cc4C)C5=O)cc3C2=O)c(C)c1,31.8
*Cc1cc(C)c(N2C(=O)c3ccc(C(c4ccc5c(c4)C(=O)N(c4c(C)cc(*)cc4C)C5=O)(C(F)(F)F)C(F)(F)F)cc3C2=O)c(C)c1,74.40000008
*Cc1cc(C)c(Oc2ccc(C(C)(C)c3ccc(Oc4c(C)cc(*)cc4C)cc3)cc2)c(C)c1,29.00000001
*Cc1cc(C)c(Oc2ccc(S(=O)(=O)c3ccc(Oc4c(C)cc(*)cc4C)cc3)cc2)c(C)c1,30.80000004
*Cc1ccc(N2C(=O)c3ccc(C(c4ccc5c(c4)C(=O)N(c4ccc(*)cc4C)C5=O)(C(F)(F)F)C(F)(F)F)cc3C2=O)c(C)c1,35.09999996
*N=P(*)(OCC(C)(C)C)OC(C)(C)C,60.19999996
*N=P(*)(OCC(C)C)OC(C)C,67.09999997
*N=P(*)(OCC(C)CC)OC(C)CC,105.9999999
*N=P(*)(OCC(F)(F)F)OCC(F)(F)F,268.0
*N=P(*)(OCCC)OCCCC,84.69999994
*N=P(*)(Oc1ccc(Br)cc1)Oc1ccc(Br)cc1,5.800000006
*N=P(*)(Oc1ccccc1)Oc1ccccc1,10.30000001
*NC(=O)c1cc(C(c2ccc(C(=O)O)c(C(=O)Nc3cc(Oc4ccc(N)c(*)c4)ccc3N)c2)(C(F)(F)F)C(F)(F)F)ccc1C(=O)O,18.89999999
*NC(=O)c1ccc(Oc2cc(C(C)(C)C)c(Oc3ccc(C(=O)Nc4c(C)cc(Cc5cc(C)c(*)c(C(C)C)c5)cc4C(C)C)cc3)cc2C(C)(C)C)cc1,49.0
*Nc1ccc(C(c2ccc(NC(=O)c3cc(C(*)=O)cc(-c4ccccc4)c3)cc2)(C(F)(F)F)C(F)(F)F)cc1,47.99999996
*Nc1ccc(C(c2ccc(NC(=O)c3cccc(C(*)=O)c3)cc2)(C(F)(F)F)C(F)(F)F)cc1,34.99999997
*Nc1ccc(C2(c3ccc(NC(=O)c4cccc(C(*)=O)c4)cc3)c3ccccc3-c3ccccc32)cc1,15.8
*Nc1ccc(Oc2ccc(N3C(=O)c4ccc(C(=O)Nc5cccc(N6C(=O)c7ccc(C(=O)Nc8ccc(Oc9ccc(N%10C(=O)c%11ccc(C(*)=O)cc%11C%10=O)cc9)cc8)cc7C6=O)c5)cc4C3=O)cc2)cc1,5.529999996
*Nc1ccc(S(=O)(=O)c2ccc(NC(=O)c3cc(C(*)=O)cc(-c4ccccc4)c3)cc2)cc1,10.0
*Nc1ccc(S(=O)(=O)c2ccc(NC(=O)c3cccc(C(*)=O)c3)cc2)cc1,5.200000004
*Nc1cccc(NC(=O)c2ccc(C(c3ccc(C(*)=O)cc3)(C(F)(F)F)C(F)(F)F)cc2)c1,31.00000001
*OC(=O)Oc1ccc(C(=O)Oc2ccc3c(c2)C2(Cc4cc(*)ccc4C2(C)C)CC3(C)C)cc1,39.09999996
*OC(=O)Oc1ccc2c(c1)C1(CC(C)(C)c3ccc(*)cc31)CC2(C)C,49.0
*OC(=O)c1cc(C(=O)COc2c(Br)cc3c(c2Br)C(=C)OC32c3cc(Br)c(*)c(Br)c32)cc(C(C)(C)C)c1,61.30000007
*OC(=O)c1ccc(C(=O)Oc2ccc3c(c2)C2(CC(C)(C)c4ccc(*)cc42)CC3(C)C)cc1,68.00000005
*OC(=O)c1ccc(C(=O)Oc2ccc3c(c2)C2(Cc4ccc(*)cc4C2(C)C)CC3(C)C)cc1,68.00000005
*OC(=O)c1cccc(C(=O)COc2c(Br)cc3c(c2Br)C(=C)OC32c3cc(Br)c(*)c(Br)c32)c1,23.39999998
*OC(=O)c1cccc(C(=O)Oc2c(C)cc(C(C)(C)c3cc(C)c(*)c(Br)c3)cc2Br)c1,22.10000002
*OC(=O)c1cccc(C(=O)Oc2ccc3c(c2)C2(Cc4ccc(*)cc4C2(C)C)CC3(C)C)c1,39.09999996
*OC1C(COCC)OC(*)C(O)C1O,53.00000005
*OCC(=O)c1cccc(C(=O)Oc2c(Br)cc3c(c2Br)-c2cc(Br)c(*)c(Br)c2C3(C)C)c1,38.50000004
*OOc1ccc(C(c2ccc(OC(=O)c3cccc(C(*)=O)c3)cc2)(C(F)(F)F)C(F)(F)F)cc1,47.80000004
*OOc1ccc2cc(*)ccc2c1,7.899999995
*OOc1ccc2ccc(*)cc2c1,8.799999997
*OOc1cccc2c(*)cccc12,9.400000009
*O[Si](C)(C)c1ccc([Si](*)(C)C)cc1,82.99999993
*O[Si](C)(C)c1cccc([Si](*)(C)C)c1,83.99999999
*O[Si](*)(C)C,338.9999998
*O[Si](*)(C)CC,228.9999998
*O[Si](*)(C)CCC,254.0000002
*O[Si](*)(C)CCC(F)(F)F,246.9999999
*O[Si](*)(C)CCCCCCCC,133.0
*O[Si](*)(C)c1ccccc1,34.0
*Oc1c(Br)cc(C(c2cc(Br)c(OC(*)=O)c(Br)c2)(C(F)(F)F)C(F)(F)F)cc1Br,100.0
*Oc1c(Br)cc(C2(c3cc(Br)c(OC(=O)c4cccc(C(*)=O)c4)c(Br)c3)OC(=O)c3ccccc32)cc1Br,23.39999998
*Oc1c(Br)cc(C2(c3cc(Br)c(OC(=O)c4cccc(C(*)=O)c4)c(Br)c3)c3ccccc3-c3ccccc32)cc1Br,38.50000004
*Oc1ccc(-c2ccc(Oc3c(F)c(F)c(COC(c4cccc(C(OCc5c(F)c(F)c(*)c(F)c5F)(C(F)(F)F)C(F)(F)F)c4)(C(F)(F)F)C(F)(F)F)c(F)c3F)cc2)cc1,34.0
*Oc1ccc(C(=O)Nc2ccc(C(C)(C)c3ccc(NC(=O)c4ccc(Oc5cc(C(C)(C)C)c(*)cc5C(C)(C)C)cc4)cc3)cc2)cc1,31.00000001
*Oc1ccc(C(=O)Nc2ccc(C(c3ccc(NC(=O)c4ccc(Oc5cc(C(C)(C)C)c(*)cc5C(C)(C)C)cc4)cc3)(C(F)(F)F)C(F)(F)F)cc2)cc1,59.99999995
*Oc1ccc(C(c2ccc(OC(=O)c3ccc(-c4ccc(C(*)=O)cc4)cc3)cc2)(C(F)(F)F)C(F)(F)F)cc1,47.60000003
*Oc1ccc(C(c2ccc(OC(=O)c3ccc(C(*)=O)cc3)cc2)(C(F)(F)F)C(F)(F)F)cc1,78.10000002
*Oc1ccc(C(c2ccc(OC(=O)c3ccc4c(c3)C(=O)c3cc(C(*)=O)ccc3-4)cc2)(C(F)(F)F)C(F)(F)F)cc1,61.7
*Oc1ccc(C(c2ccc(OC(=O)c3cccc(C(*)=O)c3)cc2)(C(F)(F)F)C(F)(F)F)cc1,41.10000001
*Oc1ccc(C(c2ccc(OC(*)=O)cc2)(C(F)(F)F)C(F)(F)F)cc1,59.99999995
*Oc1ccc(C(c2ccc(Oc3c(F)c(F)c(COC(c4ccc(C(OCc5c(F)c(F)c(*)c(F)c5F)(C(F)(F)F)C(F)(F)F)cc4)(C(F)(F)F)C(F)(F)F)c(F)c3F)cc2)(C(F)(F)F)C(F)(F)F)cc1,50.99999999
*Oc1ccc(C2(c3ccc(OC(=O)c4cccc(C(*)=O)c4)cc3)OC(=O)c3ccccc32)cc1,14.70000001
*Oc1ccc(C2(c3ccc(OC(=O)c4cccc(C(*)=O)c4)cc3)c3ccccc3-c3ccccc32)cc1,26.29999997
*Oc1ccc(C2(c3ccc(OC(*)=O)cc3)CC3CCC2C3)cc1,19.0
*Oc1ccc(C2(c3ccc(OC(*)=O)cc3)CCCCC2)cc1,10.0
*Oc1ccc(C2(c3ccc(Oc4ccc(C(*)=O)cc4)cc3)OC(=O)c3ccccc32)cc1,16.20000002
*Oc1ccc(Cc2ccc(Oc3c(F)c(F)c(COC(c4ccc(C(OCc5c(F)c(F)c(*)c(F)c5F)(C(F)(F)F)C(F)(F)F)cc4)(C(F)(F)F)C(F)(F)F)c(F)c3F)cc2)cc1,33.00000001
*Oc1ccc(N)c(NC(=O)c2cc(C(c3ccc(C(=O)Nc4ccc(*)cc4N)c(C(=O)O)c3)(C(F)(F)F)C(F)(F)F)ccc2C(=O)O)c1,18.89999999
*Oc1ccc(S(=O)(=O)c2ccc(Oc3c(C)cc(-c4cc(C)c(*)c(C)c4C)c(C)c3C)cc2)cc1,53.00000005
*Oc1ccc2c(c1)C(=O)N(c1c(C)c(C)c(N3C(=O)c4ccc(Oc5c(C)ccc(C)c5*)cc4C3=O)c(C)c1C)C2=O,71.99999993
*Oc1ccc2c(c1)C(=O)N(c1c(C)c(C)c(N3C(=O)c4ccc(Oc5cc(C(C)(C)C)cc(C)c5*)cc4C3=O)c(C)c1C)C2=O,83.99999999
*Oc1ccc2c(c1)C(=O)N(c1c(C)c(C)c(N3C(=O)c4ccc(Oc5cc(C)c(*)c(C)c5C)cc4C3=O)c(C)c1C)C2=O,94.99999994
*Oc1ccc2c(c1)C(=O)N(c1c(C)c(C)c(N3C(=O)c4ccc(Oc5cc(C)ccc5*)cc4C3=O)c(C)c1C)C2=O,33.00000001
*Oc1ccc2c(c1)C(=O)N(c1c(C)c(C)c(N3C(=O)c4ccc(Oc5cccc(C)c5*)cc4C3=O)c(C)c1C)C2=O,41.00000003
*Oc1ccc2c(c1)C(=O)N(c1cc(C)c(C)c(N3C(=O)c4ccc(Oc5cc(C)ccc5*)cc4C3=O)c1C)C2=O,34.0
*Oc1ccc2c(c1)C(=O)N(c1ccc(C(c3ccc(N4C(=O)c5ccc(Oc6cc(C)c(*)c(C)c6C)cc5C4=O)cc3)(C(F)(F)F)C(F)(F)F)cc1)C2=O,71.00000005
*Oc1ccc2c(c1)C(=O)N(c1cccc(N3C(=O)c4ccc(Oc5ccc6c(c5)C5(CC(C)(C)c7ccc(*)cc75)CC6(C)C)cc4C3=O)c1)C2=O,20.69999998
*Oc1ccc2c(c1)C(=O)N(c1cccc(N3C(=O)c4ccc(Oc5ccc6c(c5)C5(Cc7ccc(*)cc7C5(C)C)CC6(C)C)cc4C3=O)c1)C2=O,20.69999998
*c1c(C)c(C)c(-n2c(=O)c3cc4oc5cc6c(cc5oc4cc3c2=O)C2(C(C)C)c3cc4oc5cc7c(=O)n(*)c(=O)c7cc5oc4cc3C23c2ccccc2C63C(C)C)c(C)c1C,1769.999999
*c1c(C)c(C)c(-n2c(=O)c3cc4oc5cc6c(cc5oc4cc3c2=O)C2(CC(C)(C)c3cc4oc5cc7c(=O)n(*)c(=O)c7cc5oc4cc32)CC6(C)C)c(C)c1C,260.0
*c1c(C)c(C)c(N2C(=O)c3cc4c(cc3C2=O)C2(CC(C)(C)c3cc5c(cc32)C(=O)N(*)C5=O)CC4(C)C)c(C)c1C,780.0000006
*c1c(C)c(C)c(N2C(=O)c3ccc(C(c4ccc5c(c4)C(=O)N(*)C5=O)(C(F)(F)F)C(F)(F)F)cc3C2=O)c(C)c1C,362.0000004
*c1c(C)c(C)c(N2C(=O)c3ccc(Oc4ccc(C(C)(C)C)cc4Oc4ccc5c(c4)C(=O)N(*)C5=O)cc3C2=O)c(C)c1C,64.0
*c1c(C)c(C)cc(N2C(=O)c3ccc(Oc4ccc(C(C)(C)C)cc4Oc4ccc5c(c4)C(=O)N(*)C5=O)cc3C2=O)c1C,62.99999993
*c1c(C)cc(-c2cc(C)c(N3C(=O)c4cc5c(cc4C3=O)C3(C(C)C)c4ccc(cc4)C5(C(C)C)c4cc5c(cc43)C(=O)N(*)C5=O)c3ccccc23)c2ccccc12,913.000001
*c1c(C)cc(-c2cc(C)c(N3C(=O)c4cc5c(cc4C3=O)C3(C)c4ccc(cc4)C5(C)c4cc5c(cc43)C(=O)N(*)C5=O)c3ccccc23)c2ccccc12,1179.999999
*c1c(C)cc(-c2cc(C)c(N3C(=O)c4cc5c(cc4C3=O)C3(CC(C)(C)c4cc6c(cc43)C(=O)N(*)C6=O)CC5(C)C)c3ccccc23)c2ccccc12,624.9999995
*c1c(C)cc(-c2cccc3c(-n4c(=O)c5cc6oc7cc8c(cc7oc6cc5c4=O)C4(CC(C)(C)c5cc6oc7cc9c(=O)n(*)c(=O)c9cc7oc6cc54)CC8(C)C)c(C)ccc23)c2ccccc12,660.0000007
*c1cc(-c2nc3cc(-c4ccc5[nH]c(-c6ccc(C(*)(C(F)(F)F)C(F)(F)F)cc6)nc5c4)ccc3[nH]2)cc(C(C)(C)C)c1,12.89999999
*c1cc(-c2nc3cc(-c4ccc5[nH]c(*)nc5c4)ccc3[nH]2)cc(C(C)(C)C)c1,10.10000001
*c1cc(Br)c(OC(=O)Oc2c(Br)cc(C(*)(C)C)cc2Br)c(Br)c1,58.90000003
*c1cc(Br)c(OC(=O)c2cccc(C(=O)Oc3c(Br)cc(C(*)(C)C)cc3Br)c2)c(Br)c1,16.29999998
*c1cc(Br)c(OCC(=O)c2cccc(C(=O)Oc3c(Br)cc(C(*)(C)C)cc3Br)c2)c(Br)c1,16.29999998
*c1cc(C)c(-c2ccc(CN3C(=O)c4ccc(C(c5ccc6c(c5)C(=O)N(Cc5ccc(*)c(C)c5C)C6=O)C(F)(F)F)cc4C3=O)c(C)c2C)cc1C,160.0000001
*c1cc(C)c(-n2c(=O)c3cc4oc5cc6c(cc5oc4cc3c2=O)C2(C(C)C)c3cc4oc5cc7c(=O)n(-c8c(C)cc(*)cc8C)c(=O)c7cc5oc4cc3C23c2ccccc2C63C(C)C)c(C)c1,1030.000001
*c1cc(C)c(C)c(N2C(=O)c3ccc(Oc4cc(C)c(Oc5ccc6c(c5)C(=O)N(*)C6=O)c(C)c4C)cc3C2=O)c1C,87.00000008
*c1cc(C)c(CN2C(=O)c3ccc(C(c4ccc5c(c4)C(=O)N(Cc4c(C)cc(-c6cc(C)c(*)cc6C)cc4C)C5=O)C(F)(F)F)cc3C2=O)c(C)c1,230.0
*c1cc(C)c(CN2C(=O)c3ccc(C(c4ccc5c(c4)C(=O)N(Cc4cc(C)c(-c6cc(C)c(*)cc6C)cc4C)C5=O)C(F)(F)F)cc3C2=O)cc1C,83.99999999
*c1cc(C)c(N2C(=O)c3cc4c(cc3C2=O)C2(C)CCC4(C)c3cc4c(cc32)C(=O)N(c2c(C)cc(*)c3ccccc23)C4=O)c2ccccc12,1580.0
*c1cc(C)c(N2C(=O)c3ccc(Oc4cc(C)c(Oc5ccc6c(c5)C(=O)N(c5c(C)cc(*)cc5C)C6=O)c(C)c4C)cc3C2=O)c(C)c1,39.0
*c1cc(C)c(NC(=O)c2ccc(Oc3cc(C(C)(C)C)c(Oc4ccc(C(=O)Nc5c(C)cc(C(*)(C)C)cc5C)cc4)cc3C(C)(C)C)cc2)c(C)c1,59.99999995
*c1cc(C)c(OC(=O)Oc2c(C)cc(C(*)(C(F)(F)F)C(F)(F)F)cc2C)c(C)c1,203.0
*c1cc(C)c(OC(=O)Oc2c(C)cc(C(*)(C)C)cc2C)c(C)c1,46.3
*c1cc(C)c(OC(=O)c2cc(C(=O)Oc3c(C)cc(C(*)(C)C)cc3C)cc(C(C)(C)C)c2)c(C)c1,71.99999993
*c1cc(C)c(OC(=O)c2ccc(Oc3c(C)cc(C(*)(C)C)cc3C)cc2)c(C)c1,49.99999996
*c1cc(C)c(OC(=O)c2cccc(C(=O)Oc3c(C)cc(C(*)(C)C)cc3C)c2)c(C)c1,34.0
*c1cc(C)c(OC(=O)c2cccc(Oc3c(C)cc(C(*)(C)C)cc3C)c2)c(C)c1,36.99999999
*c1cc(C)c(Oc2ccc(C(C)(C)c3ccc(Oc4c(C)cc(C(*)(C(F)(F)F)C(F)(F)F)cc4C)cc3)cc2)c(C)c1,112.9999999
*c1cc(C)c(Oc2ccc(C(C)(C)c3ccc(Oc4c(C)cc(C(*)(C)C)cc4C)cc3)cc2)c(C)c1,41.00000003
*c1cc(C)c(Oc2ccc(S(=O)(=O)c3ccc(Oc4c(C)cc(C(C)(C)c5ccc(C(*)(C)C)cc5)cc4C)cc3)cc2)c(C)c1,31.99999998
*c1cc(C)c(Oc2ccc(S(=O)(=O)c3ccc(Oc4c(C)cc(C(C)(C)c5cccc(C(*)(C)C)c5)cc4C)cc3)cc2)c(C)c1,21.00000001
*c1cc(C)c(Oc2ccc(S(=O)(=O)c3ccc(Oc4c(C)cc(C(*)(C(F)(F)F)C(F)(F)F)cc4C)cc3)cc2)c(C)c1,112.9999999
*c1cc(C)c(Oc2ccc(S(=O)(=O)c3ccc(Oc4c(C)cc(C(*)(C)C)cc4C)cc3)cc2)c(C)c1,41.00000003
*c1cc(C)c(Oc2ccc(S(=O)(=O)c3ccc(Oc4c(C)cc(*)cc4C)cc3)cc2)c(C)c1,36.00000002
*c1cc(C)c2c(c1)S(=O)(=O)c1cc(N3C(=O)c4ccc(-c5ccc6c(c5)C(=O)N(*)C6=O)cc4C3=O)cc(C)c1-2,12.0
*c1cc(Cl)c(OC(=O)Oc2c(Cl)cc(C(*)(C)C)cc2Cl)c(Cl)c1,27.40000001
*c1cc2c(cc1C)-c1cc(C)c(N3C(=O)c4ccc(-c5ccc6c(c5)C(=O)N(*)C6=O)cc4C3=O)cc1S2(=O)=O,12.0
*c1cc2c(cc1C)-c1cc(C)c(N3C(=O)c4ccc(C(c5ccc6c(c5)C(=O)N(*)C6=O)(C(F)(F)F)C(F)(F)F)cc4C3=O)cc1S2(=O)=O,103.9999999
*c1ccc(-c2ccc(-c3ccc(C(*)(c4ccccc4)C(F)(F)F)cc3)cc2)cc1,81.99999993
*c1ccc(-c2ccc(-n3c(=O)c4cc5oc6cc7c(cc6oc5cc4c3=O)C3(CC(C)(C)c4cc5oc6cc8c(=O)n(*)c(=O)c8cc6oc5cc43)CC7(C)C)cc2C(F)(F)F)c(C(F)(F)F)c1,205.0
*c1ccc(-c2ccc(C(*)(C(F)(F)F)C(F)(F)F)cc2)cc1,390.0
*c1ccc(-c2ccc(C(*)(c3ccccc3)C(F)(F)F)cc2)cc1,83.99999999
*c1ccc(-c2nc3ccc(C(c4ccc5nc(-c6ccc(C(*)(C(F)(F)F)C(F)(F)F)cc6)oc5c4)(C(F)(F)F)C(F)(F)F)cc3o2)cc1,1610.0
*c1ccc(-c2nnc(-c3cccc(-c4nnc(*)n4-c4ccccc4)c3)n2-c2ccccc2)cc1,14.00000001
*c1ccc(-n2c(=O)c3cc4c(=O)n(-c5ccc(C(*)(C)C)cc5)c(=O)c4cc3c2=O)cc1,37.10000003
*c1ccc(C(=O)Nc2ccc(-c3ccc(NC(=O)c4ccc5c(c4)C(C)(C)CC5(*)C)cc3C(F)(F)F)c(C(F)(F)F)c2)cc1,63.19999996
*c1ccc(C(=O)Nc2ccc(C(c3ccc(NC(=O)c4ccc5c(c4)C(C)(C)CC5(*)C)cc3)(C(F)(F)F)C(F)(F)F)cc2)cc1,65.80000006
*c1ccc(C(=O)Nc2ccc(Oc3ccc(C(C)(C)c4ccc(Oc5ccc(NC(=O)c6ccc7c(c6)C(C)(C)CC7(*)C)cc5)cc4)cc3)cc2)cc1,16.90000002
*c1ccc(C(=O)Nc2ccc(Oc3ccc(NC(=O)c4ccc5c(c4)C(C)(C)CC5(*)C)cc3)cc2)cc1,19.20000001
*c1ccc(C(=O)Nc2ccc(S(=O)(=O)c3ccc(NC(=O)c4ccc5c(c4)C(C)(C)CC5(*)C)cc3)cc2)cc1,11.89999999
*c1ccc(C(=O)Nc2cccc(NC(=O)c3ccc4c(c3)C(C)(C)CC4(*)C)c2)cc1,18.0
*c1ccc(C(=O)Nc2cccc3c(NC(=O)c4ccc5c(c4)C(C)(C)CC5(*)C)cccc23)cc1,15.8
*c1ccc(C(=O)c2ccc(Oc3ccc(C(c4ccc(Oc5ccc(C(=O)c6ccc(C(*)(C)C)cc6)cc5)cc4)(C(F)(F)F)C(F)(F)F)cc3)cc2)cc1,26.40000001
*c1ccc(C(c2ccc(-n3c(=O)c4cc5oc6cc7c(cc6oc5cc4c3=O)C3(CC(C)(C)c4cc5oc6cc8c(=O)n(*)c(=O)c8cc6oc5cc43)CC7(C)C)cc2)(C(F)(F)F)C(F)(F)F)cc1,190.0
*c1ccc(C(c2ccc(O)c(N3C(=O)c4cc5c(cc4C3=O)C3(C)c4ccc(cc4)C5(C)c4cc5c(cc43)C(=O)N(*)C5=O)c2)(C(F)(F)F)C(F)(F)F)cc1,91.99999993
*c1ccc(C)c(-n2c(=O)c3cc4oc5cc6c(cc5oc4cc3c2=O)C2(CC6(C)C)CC(C)(C)c3cc4oc5cc6c(=O)n(-c7cc(C(*)(C(F)(F)F)C(F)(F)F)ccc7C)c(=O)c6cc5oc4cc32)c1,160.0000001
*c1ccc(CN2C(=O)c3ccc(C(c4ccc5c(c4)C(=O)N(Cc4ccc(-c6cc(C)c(*)cc6C)cc4C)C5=O)C(F)(F)F)cc3C2=O)c(C)c1,47.00000001
*c1ccc(N2C(=O)c3ccc(-c4ccc5c(c4)C(=O)N(c4ccc(*)cc4C)C5=O)cc3C2=O)c(C)c1,8.909999999
*c1ccc(N2C(=O)c3ccc(C(=O)c4ccc5c(c4)C(=O)N(c4cc6c(cc4Br)C(C)(C)CC6(*)C)C5=O)cc3C2=O)cc1,38.00000003
*c1ccc(N2C(=O)c3ccc(C(=O)c4ccc5c(c4)C(=O)N(c4ccc6c(c4)C(*)(C)CC6(C)C)C5=O)cc3C2=O)cc1,23.0
*c1ccc(N2C(=O)c3ccc(C(c4ccc5c(c4)C(=O)N(c4ccc(C(*)(C)C)cc4)C5=O)(C(F)(F)F)C(F)(F)F)cc3C2=O)cc1,71.20000006
*c1ccc(N2C(=O)c3ccc(Oc4ccc(C(C)(C)C)cc4Oc4ccc5c(c4)C(=O)N(c4ccc(*)cc4OC)C5=O)cc3C2=O)c(OC)c1,20.00000002
*c1ccc(NC(=O)c2ccc(Oc3cc(C(C)(C)C)c(Oc4ccc(C(=O)Nc5ccc(C(*)(C)C)cc5C)cc4)cc3C(C)(C)C)cc2)c(C)c1,36.00000002
*c1ccc(OC(=O)Oc2ccc(C(*)(C)C)cc2)cc1,13.3
*c1ccc(OC(=O)Oc2ccc(C(*)(C)c3ccccc3)cc2)cc1,13.59999999
*c1ccc(OC(=O)Oc2ccc(C3(*)CC(C)CC(C)(C)C3)cc2)cc1,41.50000003
*c1ccc(OC(=O)c2cc(C(=O)Oc3ccc(C(*)(C)C)cc3C(C)C)cc(C(C)(C)C)c2)c(C(C)C)c1,37.30000002
*c1ccc(OC(=O)c2cc(C(=O)Oc3ccc(C(*)(C)C)cc3C)cc(C(C)(C)C)c2)c(C)c1,26.0
*c1ccc(OC(=O)c2ccc(-c3ccc(C(=O)Oc4ccc(C(*)(C)C)cc4)cc3)cc2)cc1,9.099999993
*c1ccc(OC(=O)c2ccc(C(=O)Oc3ccc(C(C)(C)c4ccc(OC(=O)c5cccc(C(=O)Oc6ccc(C(*)(C)C)cc6)c5)cc4)cc3)cc2)cc1,14.00000001
*c1ccc(OC(=O)c2ccc(C(=O)Oc3ccc(C(*)(C)C)cc3)cc2)cc1,16.80000001
*c1ccc(OC(=O)c2ccc(Oc3ccc(C(*)(C)C)cc3)cc2)cc1,14.00000001
*c1ccc(OC(=O)c2ccc(Oc3ccc(C(*)(C)C)cc3C)cc2)c(C)c1,18.0
*c1ccc(OC(=O)c2ccc(Oc3ccc(C4(*)OC(=O)c5ccccc54)cc3C)cc2)c(C)c1,13.3
*c1ccc(OC(=O)c2cccc(C(=O)Oc3ccc(C(*)(C)C)cc3)c2)cc1,23.10000001
*c1ccc(OC(=O)c2cccc(C(=O)Oc3ccc(C(*)(C)C)cc3C(C)C)c2)c(C(C)C)c1,19.49999998
*c1ccc(OC(=O)c2cccc(C(=O)Oc3ccc(C(*)(C)C)cc3C)c2)c(C)c1,9.499999994
*c1ccc(OC(=O)c2cccc(C(=O)Oc3ccc(C(*)(C)c4ccccc4)cc3)c2)cc1,23.0
*c1ccc(OC(=O)c2cccc(C(=O)Oc3ccc(C(*)c4ccccc4C(=O)O)cc3)c2)cc1,18.0
*c1ccc(OC(=O)c2cccc(Oc3ccc(C(*)(C)C)cc3C)c2)c(C)c1,8.799999997
*c1ccc(OCC(O)COc2ccc(C(*)(C)C)cc2)cc1,2.500000002
*c1ccc(OOC(=O)c2ccc3c(c2)C(=O)c2cc(C(=O)Oc4ccc(C(*)(C)C)cc4)ccc2-3)cc1,18.2
*c1ccc(Oc2c(F)c(F)c(COC(c3ccc(C(OCc4c(F)c(F)c(Oc5ccc(C(*)(C)C)cc5)c(F)c4F)(C(F)(F)F)C(F)(F)F)cc3)(C(F)(F)F)C(F)(F)F)c(F)c2F)cc1,30.00000002
*c1ccc(Oc2c(F)c(F)c(COC(c3cccc(C(OCc4c(F)c(F)c(Oc5ccc(N6C(=O)CCC67CCC(=O)N7*)cc5)c(F)c4F)(C(F)(F)F)C(F)(F)F)c3)(C(F)(F)F)C(F)(F)F)c(F)c2F)cc1,34.99999997
*c1ccc(Oc2ccc(-c3ccc(Oc4ccc(S(*)(=O)=O)cc4)cc3)cc2)cc1,12.0
*c1ccc(Oc2ccc(C(=O)c3ccc(-c4ccc([S+]([O-])c5ccc(Oc6ccc(C(*)(C)C)cc6)cc5)cc4)cc3)cc2)cc1,8.900000007
*c1ccc(Oc2ccc(C(=O)c3ccc(C(C)(C)c4ccc(C(=O)c5ccc(Oc6ccc(C(*)(C)C)cc6)cc5)cc4)cc3)cc2)cc1,11.79999999
*c1ccc(Oc2ccc(C(=O)c3ccc(Oc4ccc(C5(*)OC(=O)c6ccccc65)cc4)cc3)cc2)cc1,26.09999998
*c1ccc(Oc2ccc(C(C)(C)c3ccc(Oc4ccc(S(*)(=C)=C)cc4)cc3)cc2)cc1,12.0
*c1ccc(Oc2ccc(C(*)(c3ccccc3)C(F)(F)F)cc2)cc1,29.00000001
*c1ccc(Oc2ccc(C(c3ccc(Oc4ccc(-c5ccc(*)s5)cc4C(F)(F)F)cc3)C3c4ccccc4-c4ccccc43)cc2)c(C(F)(F)F)c1,49.99999996
*c1ccc(Oc2ccc(C(c3ccc(Oc4ccc(C(*)(C)C)cc4)cc3)(C(F)(F)F)C(F)(F)F)cc2)cc1,33.00000001
*c1ccc(Oc2ccc(C(c3ccc(Oc4ccc(S(*)(=O)=O)cc4)cc3)(C(F)(F)F)C(F)(F)F)cc2)cc1,33.00000001
*c1ccc(Oc2ccc(C3(c4ccc(Oc5ccc(S(*)(=O)=O)cc5)cc4)CCCCC3)cc2)cc1,11.70000001
*c1ccc(Oc2ccc(C3(c4ccc(Oc5ccc(S(*)(=O)=O)cc5)cc4)c4ccccc4-c4ccccc43)cc2)cc1,21.29999998
*c1ccc(Oc2ccc(Cc3ccc(Oc4ccc(C(*)(C)C)cc4)cc3)cc2)cc1,10.0
*c1ccc(Oc2ccc(Cc3ccc(Oc4ccc(S(*)(=O)=O)cc4)cc3)cc2)cc1,10.0
*c1ccc(Oc2ccc(N3C(=O)c4ccc(-c5ccc6c(c5)C(=O)N(c5ccc(Oc7ccc(C(*)(C)C)cc7)cc5)C6=O)cc4C3=O)cc2)cc1,7.499999993
*c1ccc(Oc2ccc(Oc3ccc(Oc4ccc(C(*)(C)C)cc4)cc3)cc2)cc1,10.0
*c1ccc(Oc2ccc(Oc3ccc(Oc4ccc(S(*)(=O)=O)cc4)cc3)cc2)cc1,10.0
*c1ccc(Oc2ccc(Oc3ccc(S(*)(=O)=O)cc3)cc2)cc1,9.699999994
*c1ccc(Oc2ccc(S(=O)(=O)c3ccc(-c4ccc(S(=O)(=O)c5ccc(Oc6ccc(C(*)(C)C)cc6)cc5)cc4)cc3)cc2)cc1,16.90000002
*c1ccc(Oc2ccc(S(=O)(=O)c3ccc(Oc4ccc(C(C)(C)c5ccc(C(*)(C)C)cc5)cc4)cc3)cc2)cc1,14.00000001
*c1ccc(Oc2ccc(S(=O)(=O)c3ccc(Oc4ccc(C(C)(C)c5cccc(C(*)(C)C)c5)cc4)cc3)cc2)cc1,11.70000001
*c1ccc(Oc2ccc(S(=O)(=O)c3ccc(Oc4ccc(C(*)(C)C)cc4)cc3)cc2)cc1,12.89999999
*c1ccc(Oc2ccc(S(=O)(=O)c3ccc(Oc4ccc(C(*)(C)C)cc4C)cc3)cc2)c(C)c1,12.0
*c1ccc(Oc2ccc(S(=O)(=O)c3ccc(Oc4ccc(C(*)(C)c5ccccc5)cc4)cc3)cc2)cc1,13.3
*c1ccc(Oc2ccc(S(=O)(=O)c3ccc(Oc4ccc(C5(*)CCCCC5)cc4C)cc3)cc2)c(C)c1,11.0
*c1ccc(Oc2ccc(S(=O)(=O)c3ccc(Oc4cccc(C(*)(C)C)c4)cc3)cc2)cc1,9.30000001
*c1ccc(Oc2ccc(S(*)(=O)=O)cc2)cc1,12.09999999
*c1ccc(Oc2ccc3c(c2)C(=O)N(c2cccc(N4C(=O)c5ccc(Oc6ccc(C(*)(C)C)cc6)cc5C4=O)c2)C3=O)cc1,9.450000011
*c1ccc(Oc2ccc3cc(Oc4ccc(S(*)(=O)=O)cc4)ccc3c2)cc1,7.899999995
*c1ccc(Oc2ccc3ccc(Oc4ccc(S(*)(=O)=O)cc4)cc3c2)cc1,8.799999997
*c1ccc(Oc2cccc3c(Oc4ccc(S(*)(=O)=O)cc4)cccc23)cc1,9.400000009
*c1ccc2c(c1)C(=O)N(c1ccc(-c3ccc(N4C(=O)c5ccc(C(*)(C(F)(F)F)C(F)(F)F)cc5C4=O)c(O)c3)cc1O)C2=O,29.29999998
*c1ccc2c(c1)C(=O)N(c1ccc(-c3ccc(N4C(=O)c5ccc(*)cc5C4=O)c(O)c3)cc1O)C2=O,1.09
*c1ccc2c(c1)C(=O)N(c1ccc(C(c3ccc(N4C(=O)c5ccc(C(*)(C(F)(F)F)C(F)(F)F)cc5C4=O)cc3)(C(F)(F)F)C(F)(F)F)cc1)C2=O,141.9999999
*c1ccc2c(c1)C(=O)N(c1ccc(C(c3ccc(N4C(=O)c5ccc(*)cc5C4=O)cc3)(C(F)(F)F)C(F)(F)F)cc1)C2=O,50.10000002
*c1ccc2c(c1)C(=O)N(c1ccc(Cc3ccc(N4C(=O)c5ccc(C(*)(C(F)(F)F)C(F)(F)F)cc5C4=O)c(Cl)c3)cc1Cl)C2=O,30.40000003
*c1ccc2c(c1)C(=O)N(c1ccc(Cc3ccc(N4C(=O)c5ccc(C(*)(C(F)(F)F)C(F)(F)F)cc5C4=O)cc3)cc1)C2=O,41.39999999
*c1ccc2c(c1)C(=O)N(c1ccc(Cc3ccc(N4C(=O)c5ccc(*)cc5C4=O)c(Cl)c3)cc1Cl)C2=O,6.919999993
*c1ccc2c(c1)C(=O)N(c1ccc(Cc3ccc(N4C(=O)c5ccc(*)cc5C4=O)cc3)cc1)C2=O,4.550000004
*c1ccc2c(c1)C(=O)N(c1ccc(Cc3ccc(N4C(=O)c5ccc(*)cc5C4=O)cc3Br)c(Br)c1)C2=O,3.55
*c1ccc2c(c1)C(=O)N(c1ccc(Cc3ccc(N4C(=O)c5ccc(*)cc5C4=O)cc3Cl)c(Cl)c1)C2=O,3.669999998
*c1ccc2c(c1)C(=O)N(c1ccc(Cc3ccc(N4C(=O)c5ccc(*)cc5C4=O)cc3F)c(F)c1)C2=O,4.340000005
*c1ccc2c(c1)C(=O)N(c1ccc(Oc3ccc(-c4ccc(Oc5ccc(N6C(=O)c7ccc(C(*)(C(F)(F)F)C(F)(F)F)cc7C6=O)cc5)cc4)cc3)cc1)C2=O,18.30000001
*c1ccc2c(c1)C(=O)N(c1ccc(Oc3ccc(C(c4ccc(Oc5ccc(N6C(=O)c7ccc(*)cc7C6=O)cc5)cc4)(C(F)(F)F)C(F)(F)F)cc3)cc1)C2=O,18.30000001
*c1ccc2c(c1)C(=O)N(c1ccc(Oc3ccc(N4C(=O)c5ccc(C(*)(C(F)(F)F)C(F)(F)F)cc5C4=O)cc3)cc1)C2=O,38.3
*c1ccc2c(c1)C(=O)N(c1ccc(Oc3ccc(Oc4ccc(Oc5ccc(N6C(=O)c7ccc(*)cc7C6=O)cc5)cc4)cc3)cc1)C2=O,4.049999998
*c1ccc2c(c1)C(=O)N(c1ccc(Oc3ccc(S(=O)(=O)c4ccc(Oc5ccc(N6C(=O)c7ccc(*)cc7C6=O)cc5)cc4)cc3)cc1)C2=O,6.01
*c1ccc2c(c1)C(=O)N(c1ccc(S(=O)(=O)c3ccc(N4C(=O)c5ccc(*)cc5C4=O)cc3)cc1)C2=O,7.03
*c1ccc2c(c1)C(=O)N(c1ccc(Sc3ccc(N4C(=O)c5ccc(*)cc5C4=O)cc3)cc1)C2=O,3.699999999
*c1ccc2c(c1)C(=O)N(c1ccc3c(c1)C1c4ccc(N5C(=O)c6ccc(C(*)(C(F)(F)F)C(F)(F)F)cc6C5=O)cc4C3c3cc4ccccc4cc31)C2=O,203.9999998
*c1ccc2c(c1)C(=O)N(c1ccc3c(c1)C1c4ccccc4C3c3cc(N4C(=O)c5ccc(C(*)(C(F)(F)F)C(F)(F)F)cc5C4=O)ccc31)C2=O,161.0
*c1ccc2c(c1)C(=O)N(c1ccc3c(c1)Cc1cc(N4C(=O)c5ccc(C(*)(C(F)(F)F)C(F)(F)F)cc5C4=O)ccc1-3)C2=O,93.79999992
*c1ccc2c(c1)C(=O)N(c1cccc(C(c3cccc(N4C(=O)c5ccc(C(*)(C(F)(F)F)C(F)(F)F)cc5C4=O)c3)(C(F)(F)F)C(F)(F)F)c1)C2=O,47.99999996
*c1ccc2c(c1)C(=O)N(c1cccc(Oc3ccc(C(c4ccc(Oc5cccc(N6C(=O)c7ccc(C(*)(C(F)(F)F)C(F)(F)F)cc7C6=O)c5)cc4)(C(F)(F)F)C(F)(F)F)cc3)c1)C2=O,25.69999998
*c1ccc2c(c1)C(=O)n1c-2nc2ccc(Oc3ccc4nc5n(c4c3)C(=O)c3cc(C(*)(C(F)(F)F)C(F)(F)F)ccc3-5)cc21,89.00000007
*c1ccc2c(c1)C1(CC2(C)C)CC(C)(C)c2ccc(N3C(=O)c4cc5c(cc4C3=O)C3(CC(C)(C)c4cc6c(cc43)C(=O)N(*)C6=O)CC5(C)C)cc21,332.0000002
*c1cccc2c(-n3c(=O)c4cc5oc6cc7c(cc6oc5cc4c3=O)C3(CC(C)(C)c4cc5oc6cc8c(=O)n(*)c(=O)c8cc6oc5cc43)CC7(C)C)cccc12,190.0
*c1cncc(-c2ccc(Oc3ccc(C(c4ccc(Oc5ccc(*)cc5C(F)(F)F)cc4)C4c5ccccc5-c5ccccc54)cc3)c(C(F)(F)F)c2)c1,39.50000003
*C(=O)Nc1ccc(Cc2ccc(NC(=O)c3cc(*)cc(C(C)(C)C)c3)cc2)cc1,19.3
*C(=O)c1ccc(Oc2ccc(C(c3ccccc3)(c3ccc(Oc4ccc(*)cc4)cc3)C(F)(F)F)cc2)cc1,12.0
*CC(*)OC(=O)C1CCCCC1,15.8
*CC(*)OC(=O)c1ccccc1,10.70000001
*CCC(F)(Cl)C(*)(F)F,5.319999996
*CCCCCCCCCCNC(*)=O,2.799999998
*CCc1ccc(*)cc1,2.500000002
*CCc1ccc(*)cc1Cl,1.170000001
*COCC(*)O,0.0548
*Nc1ccc(Cc2ccc(NC(=O)c3cccc(C(*)=O)c3)cc2)cc1,4.22
*OCCOC(=O)c1ccc(C(*)=O)cc1,3.92
*OCCOC(=O)c1ccc2cc(C(*)=O)ccc2c1,2.12
*c1cc(C)c(Oc2ccc(S(=O)(=O)c3ccc(Oc4c(C)cc(C(*)(C(F)(F)F)C(F)(F)F)cc4C)cc3C(O)(C(F)(F)F)C(F)(F)F)c(C(O)(C(F)(F)F)C(F)(F)F)c2)c(C)c1,150.9999999
*c1cc(C)c(Oc2ccc(S(=O)(=O)c3ccc(Oc4c(C)cc(C(*)(C)C)cc4C)cc3C(O)(C(F)(F)F)C(F)(F)F)c(C(O)(C(F)(F)F)C(F)(F)F)c2)c(C)c1,66.00000007
*c1ccc(OC(=O)c2cccc(Oc3ccc(C(*)(C)C)cc3)c2)cc1,8.799999997
*c1ccc(Oc2ccc(S(=O)(=O)c3ccc(Oc4ccc(C(*)(C)C)cc4Br)cc3)cc2)c(Br)c1,11.0
*c1ccc(Oc2ccc(S(=O)(=O)c3ccc(Oc4ccc(C(*)(C)C)cc4C(O)(C(F)(F)F)C(F)(F)F)cc3)cc2)c(C(O)(C(F)(F)F)C(F)(F)F)c1,20.00000002
*c1ccc(Oc2ccc(S(=O)(=O)c3ccc(Oc4ccc(C(*)(C)C)cc4C(OC)(C(F)(F)F)C(F)(F)F)cc3)cc2)c(C(OC)(C(F)(F)F)C(F)(F)F)c1,24.00000002
*Oc1ccc(N2C(=O)C3=C(C2=O)C2C=CC3C3=C2C(=O)N(c2ccc(*)c(OC)c2)C3=O)cc1OC,6.139999998
*Oc1ccc(N2C(=O)c3ccc(Oc4ccc5c(c4)C(=O)N(c4ccc(*)c(OC)c4)C5=O)cc3C2=O)cc1OC,5.489999994
*Oc1ccc2c(c1)C(=O)N(c1ccc(Oc3ccc(N4C(=O)c5ccc(*)cc5C4=O)cc3)cc1)C2=O,2.259999999
*Oc1ccc2c(c1)C(=O)N(c1ccc(Oc3ccc(N4C(=O)c5ccc(*)cc5C4=O)cc3C(F)(F)F)c(C(F)(F)F)c1)C2=O,11.79999999
*c1ccc(Oc2ccc(N3C(=O)C4=C(C3=O)C3C=CC4C4=C3C(=O)N(*)C4=O)cc2)cc1,16.1
*=CCCC=*,42.89999998
*c1cc(-c2nc3ccc(-c4ccc5c(c4)nc(*)n5C[Si](C)(C)C)cc3n2C[Si](C)(C)C)cc(C(C)(C)C)c1,26.60000002
*c1ccc2c(c1)nc(-c1cc(-c3nc4ccc(*)cc4n3C)cc(C(C)(C)C)c1)n2C,11.79999999
*c1ccc2c(c1)nc(-c1cc(-c3nc4ccc(*)cc4n3CCCC)cc(C(C)(C)C)c1)n2CCCC,21.29999998
*c1ccc2c(c1)nc(-c1cc(-c3nc4ccc(*)cc4n3Cc3ccc(C(C)(C)C)cc3)cc(C(C)(C)C)c1)n2Cc1ccc(C(C)(C)C)cc1,38.3
*c1ccc2c(c1)nc(-c1cccc(-c3nc4ccc(*)cc4n3C)c1)n2C,3.11
*c1ccc2c(c1)nc(-c1cccc(-c3nc4ccc(*)cc4n3CCCC)c1)n2CCCC,6.629999994
*c1ccc2c(c1)nc(-c1cccc(-c3nc4ccc(*)cc4n3C[Si](C)(C)C)c1)n2C[Si](C)(C)C,6.430000001
*c1ccc2c(c1)nc(-c1cccc(-c3nc4ccc(*)cc4n3Cc3ccc(C(C)(C)C)cc3)c1)n2Cc1ccc(C(C)(C)C)cc1,18.0
