smiles,N2_Permeability_Barrer
*CC(*)C,0.499999995
*CC(*)F,0.00155
*CC(*)(F)F,0.0223
*CCC(F)(F)C(*)(F)F,0.182000001
*CO*,0.024
*Nc1ccc(*)cc1,0.03
*CC(*)C#N,0.00016
*CC(*)(C)C(=O)OCC,0.326
*CC(*)(C)C(=O)OCCOCC,0.385
*CC(C)O*,3.769999998
*Sc1ccc(*)cc1,0.0377
*C*,0.888000009
*CC(*)CC(C)C,9.260000007
*CC(*)c1ccc(F)cc1,0.829999995
*CC(*)c1ccncc1,0.129999999
*CC(*)OCc1ccccc1,0.789999998
*CC(*)C(=O)OCC,6.46
*CC(*)C(=O)OCCCCCCCCCCCCCC,22.10000002
*CC(*)(C)C(=O)OC,0.00928
*CC(*)Cl,0.00954
*CC(*)(Cl)Cl,0.000939
*CC(CCl)O*,0.239999999
*Oc1ccc(*)cc1,3.810000003
*Oc1c(C)cc(*)cc1C,3.769999998
*Oc1c(-c2ccccc2)cc(*)cc1-c1ccccc1,1.349999998
*CC1CC(*)OCO1,0.018
*OC(C)C(*)=O,1.299999999
*c1ccc(Oc2ccc(-n3c(=O)c4cc5c(=O)n(*)c(=O)c5cc4c3=O)cc2)cc1,0.067600001
*c1ccc(Cc2ccc(-n3c(=O)c4cc5c(=O)n(*)c(=O)c5cc4c3=O)cc2)cc1,0.100999999
*C(=O)c1ccc2c(c1)C(=O)N(c1ccc(Oc3ccc(N4C(=O)c5ccc(*)cc5C4=O)cc3)cc1)C2=O,0.00718
*C(=O)c1ccc2c(c1)C(=O)N(c1ccc(Cc3ccc(N4C(=O)c5ccc(*)cc5C4=O)cc3)cc1)C2=O,0.02
*C(=O)c1ccc2c(c1)C(=O)N(c1ccc(C(c3ccc(N4C(=O)c5ccc(*)cc5C4=O)cc3)(C(F)(F)F)C(F)(F)F)cc1)C2=O,0.378
*Oc1ccc(C2(c3ccc(OC(*)=O)cc3)c3ccccc3-c3ccccc32)cc1,0.592000004
*Oc1ccc(C(=C(Cl)Cl)c2ccc(OC(*)=O)cc2)cc1,0.269
*C=CC1CC(*)C(C(F)(F)F)(C(F)(F)F)C1(F)F,10.70000001
*C(C)=C(*)SCC,8.999999991
*C(C)=C(*)CCC,12.0
*c1ccc(-c2nnc(*)o2)cc1,3.300000001
*c1cc(CCCCCCCCCCCC)c(*)s1,9.400000009
*Nc1ccc(C2(c3ccc(NC(=O)c4ccc(C(*)=O)cc4)cc3)c3ccccc3-c3ccccc32)cc1,0.516999996
*c1ccc(Oc2cccc(-n3c(=O)c4cc5c(=O)n(*)c(=O)c5cc4c3=O)c2)cc1,0.0454
*c1c(C)cc(C)c(N2C(=O)c3ccc(-c4ccc5c(c4)C(=O)N(*)C5=O)cc3C2=O)c1C,7.960000005
*c1cccc(Oc2cccc(-n3c(=O)c4cc5c(=O)n(*)c(=O)c5cc4c3=O)c2)c1,0.0181
*C=CC1CC(*)c2c1c(O)n(-c1cc(C(F)(F)F)cc(C(F)(F)F)c1)c2O,4.199999996
*c1ccc(*)n1C,0.33
*c1cccc(-c2nc3cc(-c4ccc5[nH]c(*)nc5c4)ccc3[nH]2)c1,0.0048
*CC(*)c1ccccc1,0.534999998
*CC(*)c1ccc(C)cc1,1.5
*CC(*)c1ccc(O)cc1,0.015
*/C(=C(/*)c1ccc([Si](C(C)C)(C(C)C)C(C)C)cc1)c1ccccc1,90.99999993
*/C(=C(/*)c1ccc([Si](C)(C)C)cc1)c1ccc(-c2ccc(C(C)(C)C)cc2)cc1,250.0000002
*/C(=C(/*)c1ccc([Si](C)(C)C)cc1)c1ccccc1,535.0
*/C(=C(/*)c1ccc([Si](c2ccccc2)(c2ccccc2)c2ccccc2)cc1)c1ccccc1,2.780000001
*/C(=C(/*)c1ccc2c(c1)-c1cc([Si](C)(C)C)ccc1C2(C)C)c1ccccc1,8100.000002
*/C(=C(/*)c1ccc2c(c1)-c1ccccc1C2(C)C)c1ccccc1,419.9999996
*/C(=C(/*)c1ccc2c(c1)-c1ccccc1C21CC1)c1ccc([Si](C)(C)C)cc1,190.0
*/C(=C(/*)c1ccc2c(c1)-c1ccccc1C21CC1)c1ccccc1,584.9999999
*/C(=C(/*)c1ccc2c(c1)C(C)(C)C(C)(C)C2(C)C)c1ccccc1,10000.0
*/C(=C(/*)c1ccc2c(c1)C(C)(C)CC2(C)C)c1cc(F)cc(F)c1,13100.00001
*/C(=C(/*)c1ccc2c(c1)C(C)(C)CC2(C)C)c1ccc(Br)cc1,9199.999993
*/C(=C(/*)c1ccc2c(c1)C(C)(C)CC2(C)C)c1ccc(C)cc1,4100.000003
*/C(=C(/*)c1ccc2c(c1)C(C)(C)CC2(C)C)c1ccc(Cl)cc1,9199.999993
*/C(=C(/*)c1ccc2c(c1)C(C)(C)CC2(C)C)c1ccc(F)c(F)c1,16600.0
*/C(=C(/*)c1ccc2c(c1)C(C)(C)CC2(C)C)c1ccc(F)cc1,15599.99999
*/C(=C(/*)c1ccc2c(c1)C(C)(C)CC2(C)C)c1ccc([Si](C)(C)C)cc1,169.9999999
*/C(=C(/*)c1ccc2c(c1)C(C)(C)CC2(C)C)c1ccccc1,11000.0
*/C(=C(/*)c1ccc2c(c1)C(C)(C)CCC2(C)C)c1ccccc1,2699.999999
*/C(=C(/*)c1ccc2c(c1)CCC2)c1ccc([Si](C)(C)C)cc1,30.00000002
*/C(=C(/*)c1ccc2c(c1)Cc1ccccc1-2)c1ccc([Si](C)(C)C)cc1,949.9999994
*/C(=C(/*)c1ccc2c(c1)Cc1ccccc1-2)c1ccccc1,1299.999999
*/C(=C(/*)c1ccc2c(ccc3ccccc32)c1)c1ccc([Si](C)(C)C)cc1,190.0
*/C(=C(/*)c1ccc2c(ccc3ccccc32)c1)c1ccccc1,650.0000005
*/C(=C(/*)c1cccc(-c2ccc(C(C)(C)C)cc2)c1)c1ccccc1,70.5
*/C(=C(/*)c1cccc(-c2ccccc2)c1)c1ccccc1,65.00000005
*/C(=C(/*)c1cccc([Si](C)(C)C)c1)c1ccccc1,355.0
*/C(=C(/*)c1ccccc1F)c1ccc2c(c1)C(C)(C)CC2(C)C,12000.0
*/C(C)=C(/*)CC(C)C,93.0000001
*/C(C)=C(/*)CCC(C)C,50.99999999
*/C(C)=C(/*)[Si](C)(C)C(C)C,169.9999999
*/C(C)=C(/*)[Si](C)(C)CC,490.0
*/C(C)=C(/*)[Si](C)(C)CCC,21.00000001
*/C(C)=C(/*)[Si](C)(C)CCCC,8.0
*/C(C)=C(/*)[Si](C)(C)CCCCC,19.0
*/C(C)=C(/*)[Si](C)(C)c1ccccc1,1.2
*/C(C)=C(/*)c1ccccc1,11.59999999
*/C(CC)=C(/*)c1ccccc1,4.500000002
*/C(CCCCCC)=C(/*)c1ccccc1,5.499999994
*/C(Cl)=C(/*)CCCC,4.500000002
*/C(Cl)=C(/*)CCCCCC,11.0
*/C(Cl)=C(/*)c1ccccc1,1.0
*/C=C(/*)C(C)(C)C,43.00000004
*/C=C(/*)c1ccc(-c2ccc([Si](C)(C)C)cc2)cc1,160.0000001
*/C=C(/*)c1ccc(C[Si](C)(C)C)cc1,43.99999995
*/C=C(/*)c1ccc(O[Si](C)(C)C(C)(C)C)cc1,7.599999995
*/C=C(/*)c1ccccc1,3.499999997
*/C=C(/*)c1ccccc1C,3.000000002
*/C=C(/*)c1ccccc1C(F)(F)F,7.299999998
*=CC1CCC(C=*)C1,1.5
*=NP(=NP(=*)(Cl)Oc1cc(C(C)(C)C)cc(C(C)(C)C)c1)(Oc1cc(C(C)(C)C)cc(C(C)(C)C)c1)Oc1cc(C(C)(C)C)cc(C(C)(C)C)c1,3.000000002
*=NP(=NP(=*)(OCC(C)(C)C)Oc1ccccc1)(Oc1ccccc1)Oc1ccccc1,3.4
*=NP(=NP(=*)(Oc1ccc(OC)cc1)Oc1ccccc1CC=C)(OCCCOCCOC)Oc1ccc(OC)cc1,3.999999997
*=NP(=NP(=*)(Oc1ccccc1)Oc1ccc([Si](C)(C)C)cc1)(Oc1ccc(Br)cc1)Oc1ccc([Si](C)(C)C)cc1,9.400000009
*=NP(=NP(=*)(Oc1ccccc1)Oc1ccc([Si](C)(C)c2ccccc2)cc1)(Oc1ccc(Br)cc1)Oc1ccc([Si](C)(C)c2ccccc2)cc1,2.200000001
*=NP(=NP(=*)(Oc1ccccc1)Oc1ccc([Si](C)(c2ccccc2)c2ccccc2)cc1)(Oc1ccc(Br)cc1)Oc1ccc([Si](C)(c2ccccc2)c2ccccc2)cc1,0.309999997
*C(=C(*)c1ccc(C(C)(C)C)cc1)c1ccc(O)cc1,23.0
*C(=C(*)c1ccc(C(C)(C)C)cc1)c1ccc(O[Si](C)(C)C(C)(C)C)cc1,210.0000001
*C(=C(*)c1ccc([Si](C)(C)C)cc1)c1ccc(O[Si](C)(C)C(C)(C)C)cc1,390.0
*C(=C(*)c1ccc2c(c1)C(C)(C)c1cc(Br)ccc1-2)c1ccccc1,1100.0
*C(=C(*)c1ccc2c(c1)C(C)(C)c1cc([Si](C)(C)C)ccc1-2)c1ccccc1,3400.0
*C(=C(*)c1ccc2c(c1)C(C)(C)c1ccccc1-2)c1cc(F)cc(F)c1,1699.999999
*C(=C(*)c1ccc2c(c1)C(C)(C)c1ccccc1-2)c1ccc(Br)cc1,3499.999997
*C(=C(*)c1ccc2c(c1)C(C)(C)c1ccccc1-2)c1ccc(C(C)(C)C)cc1,2500.000002
*C(=C(*)c1ccc2c(c1)C(C)(C)c1ccccc1-2)c1ccc(F)c(F)c1,5099.999999
*C(=C(*)c1ccc2c(c1)C(C)(C)c1ccccc1-2)c1ccc(F)cc1,4700.000001
*C(=C(*)c1ccc2c(c1)C(C)(C)c1ccccc1-2)c1ccc([Si](C)(C)C)cc1,210.0000001
*C(=C(*)c1ccc2c(c1)C(C)(C)c1ccccc1-2)c1cccc(F)c1,4199.999996
*C(=C(*)c1ccc2c(c1)C(C)(C)c1ccccc1-2)c1ccccc1,3300.000001
*C(=C(*)c1ccc2c(c1)C1(CC1)c1ccccc1-2)c1ccc([Si](C)(C)C)cc1,540.0000002
*C(=C(*)c1ccc2c(c1)C1(CC1)c1ccccc1-2)c1ccccc1,399.9999997
*C(=C(*)c1cccc(O)c1)c1ccc(C(C)(C)C)cc1,210.0000001
*C(=C(*)c1cccc(O[Si](C)(C)C(C)(C)C)c1)c1ccc(C(C)(C)C)cc1,1299.999999
*C(=C(*)c1cccc(O[Si](C)(C)C(C)(C)C)c1)c1ccc([Si](C)(C)C)cc1,430.0000004
*C(=O)COc1c(Br)cc(C(C)(C)c2cc(Br)c(OC(=O)c3cc(*)cc(C(C)(C)C)c3)c(Br)c2)cc1Br,0.900999998
*C(=O)COc1c(Br)cc(C(c2cc(Br)c(OC(=O)c3cc(*)cc(C(C)(C)C)c3)c(Br)c2)(C(F)(F)F)C(F)(F)F)cc1Br,4.469999999
*C(=O)COc1c(Br)cc2c(c1Br)C(C)(C)c1cc(Br)c(OC(=O)c3cc(*)cc(C(C)(C)C)c3)c(Br)c1-2,2.939999997
*C(=O)Nc1ccc(C2(c3ccc(NC(=O)c4cc(*)cc(C(C)(C)C)c4)cc3)c3ccccc3-c3ccccc32)cc1,1.400000001
*C(=O)Oc1c(Br)cc(C(C)(C)c2cc(Br)c(OC(=O)c3cc(*)cc(C(C)(C)C)c3)c(Br)c2)cc1Br,0.890000007
*C(=O)Oc1c(Br)cc(C2(c3cc(Br)c(OC(=O)c4cc(*)cc(C(C)(C)C)c4)c(Br)c3)OC(=O)c3ccccc32)cc1Br,1.189999999
*C(=O)Oc1c(Br)cc(C2(c3cc(Br)c(OC(=O)c4cc(*)cc(C(C)(C)C)c4)c(Br)c3)c3ccccc3-c3ccccc32)cc1Br,2.85
*C(=O)Oc1ccc(C(C)(C)c2ccc(OC(=O)c3cc(*)cc(C(C)(C)C)c3)cc2)cc1,1.170000001
*C(=O)Oc1ccc(C(c2ccc(OC(=O)c3cc(*)cc(C(C)(C)C)c3)cc2)(C(F)(F)F)C(F)(F)F)cc1,3.63
*C(=O)Oc1ccc(C2(c3ccc(OC(=O)c4cc(*)cc(C(C)(C)C)c4)cc3)OC(=O)c3ccccc32)cc1,1.059999999
*C(=O)Oc1ccc(C2(c3ccc(OC(=O)c4cc(*)cc(C(C)(C)C)c4)cc3)c3ccccc3-c3ccccc32)cc1,1.94
*C(=O)c1ccc(-c2ccc(C(=O)c3ccc(Oc4ccc(S(=O)(=O)c5ccc(Oc6ccc(*)cc6)cc5)cc4)cc3)cc2)cc1,0.110000001
*C(=O)c1ccc(-c2nc3cc(C(c4ccc5oc(-c6ccc(*)cc6)nc5c4)(C(F)(F)F)C(F)(F)F)ccc3o2)cc1,0.335000002
*C(=O)c1ccc(C(c2ccc(C(=O)c3ccc(Oc4ccc(C(c5ccc(Oc6ccc(*)cc6)cc5)(C(F)(F)F)C(F)(F)F)cc4)cc3)cc2)(C(F)(F)F)C(F)(F)F)cc1,0.759999996
*C(=O)c1ccc(Oc2ccc(Oc3ccc(*)cc3)cc2)cc1,0.0398
*C(=O)c1ccc(Oc2ccc(Oc3ccc(*)cc3)cc2-c2cc(C(F)(F)F)cc(C(F)(F)F)c2)cc1,0.54
*C(=O)c1ccc(Oc2ccc(Oc3ccc(*)cc3)cc2-c2cccc(C(F)(F)F)c2)cc1,0.051
*C(=O)c1ccc2c(c1)C(=O)N(c1ccc(-c3ccc(Oc4ccc(C5(c6ccc(Oc7ccc(-c8ccc(N9C(=O)c%10ccc(*)cc%10C9=O)cc8)cc7C(F)(F)F)cc6)C(=O)N(c6ccccc6)c6ccccc65)cc4)c(C(F)(F)F)c3)cc1)C2=O,0.829999995
*C(=O)c1ccc2c(c1)C(=O)N(c1ccc(C(c3ccc(N4Cc5ccc(*)cc5C4=O)cc3)(C(F)(F)F)C(F)(F)F)cc1)C2=O,0.449999996
*C(=O)c1ccc2c(c1)C(=O)N(c1ccc(N(c3ccccc3)c3ccc(N4C(=O)c5ccc(*)cc5C4=O)cc3)cc1)C2=O,0.143999999
*C(=O)c1ccc2c(c1)C(=O)N(c1ccc(Oc3ccc(C(c4ccc(Oc5ccc(N6C(=O)c7ccc(*)cc7C6=O)cc5)cc4)(C(F)(F)F)C(F)(F)F)cc3)cc1)C2=O,0.194999999
*C(=O)c1ccc2c(c1)C(=O)N(c1ccc(Oc3ccc(C(c4ccc(Oc5ccc(N6C(=O)c7ccc(*)cc7C6=O)cc5C(F)(F)F)cc4)(C(F)(F)F)C(F)(F)F)cc3)c(C(F)(F)F)c1)C2=O,0.369999997
*C(=O)c1ccc2c(c1)C(=O)N(c1ccc(Oc3ccc(C(c4ccc(Oc5ccc(N6Cc7ccc(*)cc7C6=O)cc5)cc4)(C(F)(F)F)C(F)(F)F)cc3)cc1)C2=O,0.194999999
*C(=O)c1ccc2c(c1)C(=O)N(c1ccc(Oc3ccc(C(c4ccc(Oc5ccc(N6Cc7ccc(*)cc7C6=O)cc5C(F)(F)F)cc4)(C(F)(F)F)C(F)(F)F)cc3)c(C(F)(F)F)c1)C2=O,0.369999997
*C(=O)c1ccc2c(c1)C(=O)N(c1ccc(Oc3ccc(N4Cc5ccc(*)cc5C4=O)cc3)cc1)C2=O,0.0236
*C(=O)c1ccc2c(c1)C(=O)N(c1cccc(C(c3cccc(N4C(=O)c5ccc(*)cc5C4=O)c3)(C(F)(F)F)C(F)(F)F)c1)C2=O,0.470000002
*C(=O)c1ccc2c(c1)C(=O)N(c1cccc(N3C(=O)c4ccc(*)cc4C3=O)c1)C2=O,0.016
*C(C)=C(*)C(C)C,1289.999999
*C(C)=C(*)CCCCC,21.00000001
*C(C)=C(*)CCCCCC,23.0
*C(C)=C(*)CCCCCCC,29.00000001
*C(C)=C(*)CCCCCCCC,29.00000001
*C(C)=C(*)SCCCC,18.0
*C(C)=C(*)SCCCCCC,14.00000001
*C(C)=C(*)SCCCCCCCC,19.0
*C(C)=C(*)SCCCCCCCCCC,16.00000001
*C(C)=C(*)[Si](C)(C)C,6150.000003
*C(C)=C(*)c1ccc([Si](C)(C)C)cc1,560.0
*C(Cl)=C(*)c1ccccc1,1.699999999
*C(F)(F)C(F)(F)C1(F)C(F)(F)C(*)(F)OC(F)(F)C1(F)F,4.999999996
*C(F)(F)C(F)(F)CC1(F)OC(F)(F)OC1(*)OC(F)(F)F,24.00000002
*C1C(*)C2CC1C1C2C([Si](C)(C)C)C1[Si](C)(C)C,1240.0
*C1C(*)C2CC1C1CC([Si](C)(C)C)C21,390.0
*C1C2CC(C1*)C([Si](C)(C)C)C2,320.9999997
*C=C(*)C(C)(C)C,100.0
*C=CC1CC(*)c2c1c(O)n(C13CC4CC(CC(C4)C1)C3)c2O,0.499999995
*C=CC1CC(*)c2c1c(O)n(C1CCCC1)c2O,0.449999996
*C=CC1CC(*)c2c1c(O)n(C1CCCCC1)c2O,0.519999996
*C=CC1CC(*)c2c1c(O)n(-c1c(F)c(F)c(F)c(F)c1F)c2O,1.549999999
*C=CC1CC(*)c2c1c(O)n(-c1ccccc1)c2O,0.309999997
*C=CC1CC(*)C2C1C([Si](O[Si](C)(C)C)(O[Si](C)(C)C)O[Si](C)(C)C)C2[Si](O[Si](C)(C)C)(O[Si](C)(C)C)O[Si](C)(C)C,100.0
*C=CC1CC(*)CC1[Si](C)(C)C,7.199999993
*C=CC1CC(*)CC1[Si](C)(C)C[Si](C)(C)C,3.699999999
*C=CC1OC(C=CC2CC(*)c3c2c(O)n(-c2ccccc2)c3O)c2c1c(O)n(-c1c(F)c(F)c(F)c(F)c1F)c2O,0.589999998
*C=CC1OC(*)c2c1c(O)n(-c1c(F)c(F)c(F)c(F)c1F)c2O,1.079999999
*CC(F)(F)C(F)(F)C1(F)OC(C(F)(F)F)(C(F)(F)F)OC1(*)F,479.9999996
*CC(*)(C)C(=O)CC(F)(F)C(F)(F)C(F)(F)C(F)(F)C(F)(F)C(F)(F)C(F)(F)F,15.0
*CC(*)(C)C(=O)OC(C)(C)C,0.768
*CC(*)(C)C(=O)OCCOCCOCC,3.600000002
*CC(*)(C)C(=O)OCCOCCOCCOCC,2.000000002
*CC(*)(C)c1ccccc1,0.15
*CC(*)C(=O)CC(F)(F)C(F)(F)C(F)(F)C(F)(F)C(F)(F)C(F)(F)C(F)(F)F,54.00000002
*CC(*)C(=O)OC,0.213999998
*CC(*)C(=O)OCCCCCCCCCC,19.0
*CC(*)OC(=O)c1ccc(C)cc1,0.339000001
*CC(*)OC(=O)c1cccc(C)c1,0.087499999
*CC(*)OC(=O)c1ccccc1C,0.085899999
*CC(*)[Si](C)(C)C,11.0
*CC(*)c1ccc(Br)cc1,0.320000001
*CC(*)c1ccc(C(C)(C)C)cc1,8.399999999
*CC(*)c1ccc(C[Si](C)(C)C)cc1,45.00000002
*CC(*)c1ccc(Cl)cc1,0.230000002
*CC(*)c1ccc(OC(C)=O)cc1,0.639999994
*CC(*)c1ccc(OC)cc1,0.610000007
*CC(*)c1ccc([Si](C)(C)C)cc1,16.00000001
*CC(*)c1ccc([Si](C)(C)CCC(F)(F)F)cc1,11.79999999
*CCC1CC(*)C2C1C([Si](O[Si](C)(C)C)(O[Si](C)(C)C)O[Si](C)(C)C)C2[Si](O[Si](C)(C)C)(O[Si](C)(C)C)O[Si](C)(C)C,74.99999993
*CCCCCOC(*)=O,0.589999998
*CCC[Si](*)(C)C,3.000000002
*CC[Si](C)(C)c1ccc([Si](C)(C)CC[Si](*)(C)C)cc1,0.256999998
*CN1C(=O)c2cc3c(cc2C1=O)S(=O)(=O)c1cc2c(cc1S3(=O)=O)C(=O)N(c1cc3c(cc1C)-c1cc(C)c(*)cc1S3(=O)=O)C2=O,0.7
*CN1C(=O)c2ccc(C(c3ccc4c(c3)C(=O)N(Cc3ccc(-c5cc(C)c(-c6ccc(*)cc6C)cc5C)c(C)c3)C4=O)C(F)(F)F)cc2C1=O,1.400000001
*CN1C(=O)c2ccc(S(=O)(=O)c3ccc4c(c3)C(=O)N(c3cc5c(cc3C)-c3cc(C)c(*)cc3S5(=O)=O)C4=O)cc2C1=O,0.369999997
*COC*,0.250000001
*COc1c(Br)cc(C(c2cc(Br)c(OC(=O)c3cccc(C(*)=O)c3)c(Br)c2)(C(F)(F)F)C(F)(F)F)cc1Br,1.070000001
*C[Si](*)(C)C,39.99999997
*Cc1cc(C)c(-n2c(=O)c3cc4c(=O)n(-c5c(C)cc(*)cc5C)c(=O)c4cc3c2=O)c(C)c1,7.080000005
*Cc1cc(C)c(N2C(=O)c3ccc(-c4ccc5c(c4)C(=O)N(c4c(C)cc(*)cc4C)C5=O)cc3C2=O)c(C)c1,0.913000005
*Cc1cc(C)c(N2C(=O)c3ccc(C(c4ccc5c(c4)C(=O)N(c4c(C)cc(*)cc4C)C5=O)(C(F)(F)F)C(F)(F)F)cc3C2=O)c(C)c1,2.129999998
*Cc1cc(C)c(Oc2ccc(C(C)(C)c3ccc(Oc4c(C)cc(*)cc4C)cc3)cc2)c(C)c1,0.611
*Cc1cc(C)c(Oc2ccc(S(=O)(=O)c3ccc(Oc4c(C)cc(*)cc4C)cc3)cc2)c(C)c1,1.280000001
*Cc1ccc(N2C(=O)c3ccc(C(c4ccc5c(c4)C(=O)N(c4ccc(*)cc4C)C5=O)(C(F)(F)F)C(F)(F)F)cc3C2=O)c(C)c1,0.405999997
*Cc1ccc(N2C(=O)c3ccc(Oc4ccc(Oc5ccc6c(c5)C(=O)N(c5ccc(*)cc5C)C6=O)cc4)cc3C2=O)c(C)c1,0.0357
*N=P(*)(C)c1ccccc1,0.599999999
*N=P(*)(OCC(C)(C)C)OC(C)(C)C,3.460000002
*N=P(*)(OCC(C)C)OC(C)C,31.69999998
*N=P(*)(OCC(C)CC)OC(C)CC,13.39999999
*N=P(*)(OCC(F)(F)F)OCC(F)(F)F,51.90000002
*N=P(*)(OCCC)OCCCC,55.90000001
*N=P(*)(Oc1ccc(Br)cc1)Oc1ccc(Br)cc1,0.180000002
*N=P(*)(Oc1ccc(C(C)(C)C)cc1)Oc1ccc(C(C)(C)C)cc1,2.400000002
*N=P(*)(Oc1ccccc1)Oc1ccccc1,0.95000001
*NC(=O)c1cc(C(c2ccc(C(=O)O)c(C(=O)Nc3cc(Oc4ccc(N)c(*)c4)ccc3N)c2)(C(F)(F)F)C(F)(F)F)ccc1C(=O)O,0.169999999
*NC(=O)c1ccc(Oc2cc(C(C)(C)C)c(Oc3ccc(C(=O)Nc4c(C)cc(Cc5cc(C)c(*)c(C(C)C)c5)cc4C(C)C)cc3)cc2C(C)(C)C)cc1,1.179999999
*Nc1ccc(C(c2ccc(NC(=O)c3cc(C(*)=O)cc(-c4ccccc4)c3)cc2)(C(F)(F)F)C(F)(F)F)cc1,1.2
*Nc1ccc(C(c2ccc(NC(=O)c3cccc(C(*)=O)c3)cc2)(C(F)(F)F)C(F)(F)F)cc1,0.42
*Nc1ccc(C2(c3ccc(NC(=O)c4cccc(C(*)=O)c4)cc3)c3ccccc3-c3ccccc32)cc1,0.197000002
*Nc1ccc(Oc2ccc(N3C(=O)c4ccc(C(=O)Nc5cccc(N6C(=O)c7ccc(C(=O)Nc8ccc(Oc9ccc(N%10C(=O)c%11ccc(C(*)=O)cc%11C%10=O)cc9)cc8)cc7C6=O)c5)cc4C3=O)cc2)cc1,0.037
*Nc1ccc(S(=O)(=O)c2ccc(NC(=O)c3cc(C(*)=O)cc(-c4ccccc4)c3)cc2)cc1,0.129999999
*Nc1ccc(S(=O)(=O)c2ccc(NC(=O)c3cccc(C(*)=O)c3)cc2)cc1,0.031
*Nc1cccc(NC(=O)c2ccc(C(c3ccc(C(*)=O)cc3)(C(F)(F)F)C(F)(F)F)cc2)c1,0.399999999
*OC(=O)Oc1ccc(C(=O)Oc2ccc3c(c2)C2(Cc4cc(*)ccc4C2(C)C)CC3(C)C)cc1,1.0
*OC(=O)Oc1ccc2c(c1)C1(CC(C)(C)c3ccc(*)cc31)CC2(C)C,1.400000001
*OC(=O)c1cc(C(=O)COc2c(Br)cc3c(c2Br)C(=C)OC32c3cc(Br)c(*)c(Br)c32)cc(C(C)(C)C)c1,1.280000001
*OC(=O)c1ccc(C(=O)Oc2ccc3c(c2)C2(CC(C)(C)c4ccc(*)cc42)CC3(C)C)cc1,2.979999999
*OC(=O)c1ccc(C(=O)Oc2ccc3c(c2)C2(Cc4ccc(*)cc4C2(C)C)CC3(C)C)cc1,2.979999999
*OC(=O)c1cccc(C(=O)COc2c(Br)cc3c(c2Br)C(=C)OC32c3cc(Br)c(*)c(Br)c32)c1,0.290000001
*OC(=O)c1cccc(C(=O)Oc2c(C)cc(C(C)(C)c3cc(C)c(*)c(Br)c3)cc2Br)c1,0.218999998
*OC(=O)c1cccc(C(=O)Oc2ccc3c(c2)C2(Cc4ccc(*)cc4C2(C)C)CC3(C)C)c1,1.0
*OC1C(COC(C)=O)OC(OC2C(COC(C)=O)OC(*)C(OC(C)=O)C2O)C(OC(C)=O)C1O,0.231
*OC1C(COCC)OC(*)C(O)C1O,4.09
*OCC(=O)c1cccc(C(=O)Oc2c(Br)cc3c(c2Br)-c2cc(Br)c(*)c(Br)c2C3(C)C)c1,0.705000005
*OOc1c2c(c(*)c3c1C1c4ccccc4C3c3ccccc31)C1c3ccccc3C2c2ccccc21,4.940000001
*OOc1ccc(C(c2ccc(OC(=O)c3cccc(C(*)=O)c3)cc2)(C(F)(F)F)C(F)(F)F)cc1,1.110000001
*OOc1ccc(*)c2c1C1c3ccccc3C2c2ccccc21,3.130000003
*OOc1ccc2cc(*)ccc2c1,0.0507
*OOc1ccc2ccc(*)cc2c1,0.0735
*OOc1cccc2c(*)cccc12,0.056800001
*O[Si](*)(C)C,277.0
*O[Si](*)(C)CC,160.0000001
*O[Si](*)(C)CCC,182.0
*O[Si](*)(C)CCC(F)(F)F,88.30000009
*O[Si](*)(C)CCCCCCCC,88.30000009
*O[Si](*)(C)c1ccccc1,8.590000003
*Oc1c(Br)cc(C(c2cc(Br)c(OC(*)=O)c(Br)c2)(C(F)(F)F)C(F)(F)F)cc1Br,1.8
*Oc1c(Br)cc(C2(c3cc(Br)c(OC(=O)c4cccc(C(*)=O)c4)c(Br)c3)OC(=O)c3ccccc32)cc1Br,0.282000001
*Oc1c(Br)cc(C2(c3cc(Br)c(OC(=O)c4cccc(C(*)=O)c4)c(Br)c3)c3ccccc3-c3ccccc32)cc1Br,0.704000001
*Oc1ccc(-c2ccc(N3C(=O)c4ccc(C(c5ccc6c(c5)C(=O)N(c5ccc(-c7ccc(Oc8ccc9c(c8)C(C)(C)CC98CC(C)(C)c9cc(*)ccc98)c(C(F)(F)F)c7)cc5)C6=O)(C(F)(F)F)C(F)(F)F)cc4C3=O)cc2)cc1C(F)(F)F,3.35
*Oc1ccc(-c2ccc(N3C(=O)c4ccc(Oc5ccc(C(c6ccc(Oc7ccc8c(c7)C(=O)N(c7ccc(-c9ccc(Oc%10ccc%11c(c%10)C(C)(C)CC%11%10CC(C)(C)c%11cc(*)ccc%11%10)c(C(F)(F)F)c9)cc7)C8=O)cc6)(C(F)(F)F)C(F)(F)F)cc5)cc4C3=O)cc2)cc1C(F)(F)F,1.020000001
*Oc1ccc(-c2ccc(N3C(=O)c4ccc(Oc5ccc6c(c5)C(=O)N(c5ccc(-c7ccc(Oc8ccc9c(c8)C(C)(C)CC98CC(C)(C)c9cc(*)ccc98)c(C(F)(F)F)c7)cc5)C6=O)cc4C3=O)cc2)cc1C(F)(F)F,1.120000001
*Oc1ccc(-c2ccc(Oc3c(F)c(F)c(COC(c4cccc(C(OCc5c(F)c(F)c(*)c(F)c5F)(C(F)(F)F)C(F)(F)F)c4)(C(F)(F)F)C(F)(F)F)c(F)c3F)cc2)cc1,0.610000007
*Oc1ccc(C(=O)Nc2ccc(C(C)(C)c3ccc(NC(=O)c4ccc(Oc5cc(C(C)(C)C)c(*)cc5C(C)(C)C)cc4)cc3)cc2)cc1,0.459999998
*Oc1ccc(C(=O)Nc2ccc(C(c3ccc(NC(=O)c4ccc(Oc5cc(C(C)(C)C)c(*)cc5C(C)(C)C)cc4)cc3)(C(F)(F)F)C(F)(F)F)cc2)cc1,1.509999999
*Oc1ccc(C(=O)c2ccc(-c3cc(C(C)(C)C)c(-c4ccc(-c5ccc(*)cc5C(C)(C)C)cc4C(C)(C)C)cc3C(C)(C)C)cc2)cc1,0.347999997
*Oc1ccc(C(=O)c2ccc(-c3ccc(*)cc3C(C)(C)C)cc2)cc1,0.216999998
*Oc1ccc(C(=O)c2ccc(Oc3cc(C)c(C4(c5cc(C(C)C)c(*)cc5C)OC(=O)c5ccccc54)cc3C(C)C)cc2)cc1,0.932999992
*Oc1ccc(C(=O)c2ccc(Oc3ccc(*)cc3-c3cc(C)cc(C)c3)cc2)cc1,0.053
*Oc1ccc(C(=O)c2ccc(Oc3ccc(*)cc3-c3cccc(C)c3)cc2)cc1,0.029
*Oc1ccc(C(Cl)(Cl)c2ccc(OC(*)=O)cc2)cc1,0.269
*Oc1ccc(C(c2ccc(OC(=O)c3ccc(-c4ccc(C(*)=O)cc4)cc3)cc2)(C(F)(F)F)C(F)(F)F)cc1,1.72
*Oc1ccc(C(c2ccc(OC(=O)c3ccc(C(*)=O)cc3)cc2)(C(F)(F)F)C(F)(F)F)cc1,2.95
*Oc1ccc(C(c2ccc(OC(=O)c3ccc4c(c3)C(=O)c3cc(C(*)=O)ccc3-4)cc2)(C(F)(F)F)C(F)(F)F)cc1,1.44
*Oc1ccc(C(c2ccc(OC(=O)c3cccc(C(*)=O)c3)cc2)(C(F)(F)F)C(F)(F)F)cc1,0.890000007
*Oc1ccc(C(c2ccc(OC(*)=O)cc2)(C(F)(F)F)C(F)(F)F)cc1,1.680000001
*Oc1ccc(C(c2ccc(Oc3c(F)c(F)c(COC(c4ccc(C(OCc5c(F)c(F)c(*)c(F)c5F)(C(F)(F)F)C(F)(F)F)cc4)(C(F)(F)F)C(F)(F)F)c(F)c3F)cc2)(C(F)(F)F)C(F)(F)F)cc1,0.900000001
*Oc1ccc(C2(c3ccc(OC(=O)c4cccc(C(*)=O)c4)cc3)OC(=O)c3ccccc32)cc1,0.264000002
*Oc1ccc(C2(c3ccc(OC(=O)c4cccc(C(*)=O)c4)cc3)c3ccccc3-c3ccccc32)cc1,0.597999995
*Oc1ccc(C2(c3ccc(OC(*)=O)cc3)CC3CCC2C3)cc1,0.471000003
*Oc1ccc(C2(c3ccc(OC(*)=O)cc3)CCCCC2)cc1,0.105
*Oc1ccc(C2(c3ccc(Oc4ccc(C(*)=O)cc4)cc3)OC(=O)c3ccccc32)cc1,0.410000003
*Oc1ccc(Cc2ccc(Oc3c(F)c(F)c(COC(c4ccc(C(OCc5c(F)c(F)c(*)c(F)c5F)(C(F)(F)F)C(F)(F)F)cc4)(C(F)(F)F)C(F)(F)F)c(F)c3F)cc2)cc1,0.550000001
*Oc1ccc(N)c(NC(=O)c2cc(C(c3ccc(C(=O)Nc4ccc(*)cc4N)c(C(=O)O)c3)(C(F)(F)F)C(F)(F)F)ccc2C(=O)O)c1,0.169999999
*Oc1ccc(Oc2ccc3c(c2)C(=O)N(c2ccc(Cc4ccc(N5C(=O)c6ccc(*)cc6C5=O)cc4)cc2)C3=O)cc1,0.0358
*Oc1ccc(Oc2ccc3c(c2)C(=O)N(c2ccc(Oc4ccc(Oc5ccc(N6C(=O)c7ccc(*)cc7C6=O)cc5)cc4)cc2)C3=O)cc1,0.53
*Oc1ccc(Oc2cccc(*)c2C#N)c(-c2cc(C(F)(F)F)cc(C(F)(F)F)c2)c1,1.120000001
*Oc1ccc(Oc2cccc(*)c2C#N)c(-c2cccc(C(F)(F)F)c2)c1,0.15
*Oc1ccc(S(=O)(=O)c2ccc(Oc3c(C)cc(-c4cc(C)c(*)c(C)c4C)c(C)c3C)cc2)cc1,1.2
*Oc1ccc(S(=O)(=O)c2ccc(Oc3cc(C)c(C(c4cc(C(C)C)c(*)cc4C)c4ccccc4C(=O)O)cc3C(C)C)cc2)cc1,0.757000001
*Oc1ccc(S(=O)(=O)c2ccc(Oc3cc(C)c(C4(c5cc(C(C)C)c(*)cc5C)OC(=O)c5ccccc54)cc3C(C)C)cc2)cc1,0.699000007
*Oc1ccc2c(c1)C(=O)N(c1c(C)c(C)c(N3C(=O)c4ccc(Oc5c(C)ccc(C)c5*)cc4C3=O)c(C)c1C)C2=O,2.05
*Oc1ccc2c(c1)C(=O)N(c1c(C)c(C)c(N3C(=O)c4ccc(Oc5cc(C(C)(C)C)cc(C)c5*)cc4C3=O)c(C)c1C)C2=O,2.500000002
*Oc1ccc2c(c1)C(=O)N(c1c(C)c(C)c(N3C(=O)c4ccc(Oc5cc(C)c(*)c(C)c5C)cc4C3=O)c(C)c1C)C2=O,8.100000002
*Oc1ccc2c(c1)C(=O)N(c1c(C)c(C)c(N3C(=O)c4ccc(Oc5cc(C)ccc5*)cc4C3=O)c(C)c1C)C2=O,0.589999998
*Oc1ccc2c(c1)C(=O)N(c1c(C)c(C)c(N3C(=O)c4ccc(Oc5cccc(C)c5*)cc4C3=O)c(C)c1C)C2=O,0.829999995
*Oc1ccc2c(c1)C(=O)N(c1cc(C)c(C)c(N3C(=O)c4ccc(Oc5cc(C)ccc5*)cc4C3=O)c1C)C2=O,0.650000005
*Oc1ccc2c(c1)C(=O)N(c1ccc(-c3ccc(Oc4ccc(C5(c6ccc(Oc7ccc(-c8ccc(N9C(=O)c%10ccc(*)cc%10C9=O)cc8)cc7C(F)(F)F)cc6)C(=O)N(c6ccccc6)c6ccccc65)cc4)c(C(F)(F)F)c3)cc1)C2=O,0.959999993
*Oc1ccc2c(c1)C(=O)N(c1ccc(-c3ccc(Oc4ccc(C5(c6ccc(Oc7ccc(-c8ccc(N9C(=O)c%10ccc(*)cc%10C9=O)cc8)cc7C(F)(F)F)cc6)c6ccccc6-c6ccccc65)cc4)c(C(F)(F)F)c3)cc1)C2=O,1.220000001
*Oc1ccc2c(c1)C(=O)N(c1ccc(C(c3ccc(N4C(=O)c5ccc(Oc6cc(C)c(*)c(C)c6C)cc5C4=O)cc3)(C(F)(F)F)C(F)(F)F)cc1)C2=O,1.9
*Oc1ccc2c(c1)C(=O)N(c1ccc(N(c3ccccc3)c3ccc(N4C(=O)c5ccc(*)cc5C4=O)cc3)cc1)C2=O,0.117
*Oc1ccc2c(c1)C(=O)N(c1cccc(N3C(=O)c4ccc(Oc5ccc6c(c5)C5(CC(C)(C)c7ccc(*)cc75)CC6(C)C)cc4C3=O)c1)C2=O,0.200000002
*Oc1ccc2c(c1)C(=O)N(c1cccc(N3C(=O)c4ccc(Oc5ccc6c(c5)C5(Cc7ccc(*)cc7C5(C)C)CC6(C)C)cc4C3=O)c1)C2=O,0.197000002
*Oc1ccc2c(c1)C(=O)N(c1cccc(N3C(=O)c4ccc(*)cc4C3=O)c1)C2=O,0.012
*Oc1cccc(Oc2ccc(*)cc2-c2cc(C)cc(C)c2)c1C#N,0.169999999
*Oc1cccc(Oc2ccc(*)cc2-c2cccc(C)c2)c1C#N,0.07
*c1c(C)c(C)c(-n2c(=O)c3cc4oc5cc6c(cc5oc4cc3c2=O)C2(C(C)C)c3cc4oc5cc7c(=O)n(*)c(=O)c7cc5oc4cc3C23c2ccccc2C63C(C)C)c(C)c1C,107.0000001
*c1c(C)c(C)c(-n2c(=O)c3cc4oc5cc6c(cc5oc4cc3c2=O)C2(CC(C)(C)c3cc4oc5cc7c(=O)n(*)c(=O)c7cc5oc4cc32)CC6(C)C)c(C)c1C,47.00000001
*c1c(C)c(C)c(N2C(=O)c3cc4c(cc3C2=O)C2(CC(C)(C)c3cc5c(cc32)C(=O)N(*)C5=O)CC4(C)C)c(C)c1C,256.9999998
*c1c(C)c(C)c(N2C(=O)c3ccc(C(c4ccc5c(c4)C(=O)N(*)C5=O)(C(F)(F)F)C(F)(F)F)cc3C2=O)c(C)c1C,29.69999998
*c1c(C)c(C)c(N2C(=O)c3ccc(Oc4ccc(C(C)(C)C)cc4Oc4ccc5c(c4)C(=O)N(*)C5=O)cc3C2=O)c(C)c1C,2.549999997
*c1c(C)c(C)cc(N2C(=O)c3ccc(Oc4ccc(C(C)(C)C)cc4Oc4ccc5c(c4)C(=O)N(*)C5=O)cc3C2=O)c1C,2.200000001
*c1c(C)c2c(c(N3C(=O)c4ccc(-c5ccc6c(c5)C(=O)N(*)C6=O)cc4C3=O)c1C)C(C)(C)CC2,22.00000001
*c1c(C)c2c(c(N3C(=O)c4ccc(C(=O)c5ccc6c(c5)C(=O)N(*)C6=O)cc4C3=O)c1C)C(C)(C)CC2,8.500000006
*c1c(C)c2c(c(N3C(=O)c4ccc(C(c5ccc6c(c5)C(=O)N(*)C6=O)(C(F)(F)F)C(F)(F)F)cc4C3=O)c1C)C(C)(C)CC2,58.6
*c1c(C)c2c(c(N3C(=O)c4ccc(Oc5ccc6c(c5)C(=O)N(*)C6=O)cc4C3=O)c1C)C(C)(C)CC2,10.30000001
*c1c(C)cc(-c2cc(C)c(N3C(=O)c4cc5c(cc4C3=O)C3(C(C)C)c4ccc(cc4)C5(C(C)C)c4cc5c(cc43)C(=O)N(*)C5=O)c3ccccc23)c2ccccc12,160.0000001
*c1c(C)cc(-c2cc(C)c(N3C(=O)c4cc5c(cc4C3=O)C3(C)c4ccc(cc4)C5(C)c4cc5c(cc43)C(=O)N(*)C5=O)c3ccccc23)c2ccccc12,182.0
*c1c(C)cc(-c2cc(C)c(N3C(=O)c4cc5c(cc4C3=O)C3(CC(C)(C)c4cc6c(cc43)C(=O)N(*)C6=O)CC5(C)C)c3ccccc23)c2ccccc12,212.0
*c1c(C)cc(-c2cccc3c(-n4c(=O)c5cc6oc7cc8c(cc7oc6cc5c4=O)C4(CC(C)(C)c5cc6oc7cc9c(=O)n(*)c(=O)c9cc7oc6cc54)CC8(C)C)c(C)ccc23)c2ccccc12,160.0000001
*c1c(C)cc(C)c(N2C(=O)c3ccc(C(=O)c4ccc5c(c4)C(=O)N(*)C5=O)cc3C2=O)c1C,1.280000001
*c1c(C)cc(C)c(N2C(=O)c3ccc(C(c4ccc5c(c4)C(=O)N(*)C5=O)(C(F)(F)F)C(F)(F)F)cc3C2=O)c1C,27.99999998
*c1c(C)cc2c(c1C)CN1CN2Cc2c1cc(C)c(-n1c(=O)c3cc4c(=O)n(*)c(=O)c4cc3c1=O)c2C,290.0000001
*c1c(C)cc2c(c1C)CN1CN2Cc2c1cc(C)c(N1C(=O)c3cc4c(cc3C1=O)C1(CC(C)(C)c3cc5c(cc31)C(=O)N(*)C5=O)CC4(C)C)c2C,373.0000002
*c1c(C)cc2c(c1C)CN1CN2Cc2c1cc(C)c(N1C(=O)c3cc4c(cc3C1=O)C1(c3ccccc3-c3cc5c(cc31)C(=O)N(*)C5=O)c1ccccc1-4)c2C,264.0000001
*c1c(C)cc2c(c1C)CN1CN2Cc2c1cc(C)c(N1C(=O)c3ccc(C(c4ccc5c(c4)C(=O)N(*)C5=O)(C(F)(F)F)C(F)(F)F)cc3C1=O)c2C,133.0
*c1cc(-c2nc3cc(-c4ccc5[nH]c(-c6ccc(C(*)(C(F)(F)F)C(F)(F)F)cc6)nc5c4)ccc3[nH]2)cc(C(C)(C)C)c1,0.129999999
*c1cc(-c2nc3cc(-c4ccc5[nH]c(*)nc5c4)ccc3[nH]2)cc(C(C)(C)C)c1,0.06
*c1cc(Br)c(OC(=O)Oc2c(Br)cc(C(*)(C)C)cc2Br)c(Br)c1,0.996000004
*c1cc(Br)c(OC(=O)c2cccc(C(=O)Oc3c(Br)cc(C(*)(C)C)cc3Br)c2)c(Br)c1,0.514000001
*c1cc(Br)c(OCC(=O)c2cccc(C(=O)Oc3c(Br)cc(C(*)(C)C)cc3Br)c2)c(Br)c1,0.180000002
*c1cc(C(=O)O)cc(N2C(=O)c3ccc(C(c4ccc5c(c4)C(=O)N(*)C5=O)(C(F)(F)F)C(F)(F)F)cc3C2=O)c1,0.563999995
*c1cc(C(=O)O)cc(N2C(=O)c3ccc(Oc4ccc(Oc5ccc6c(c5)C(=O)N(*)C6=O)cc4)cc3C2=O)c1,0.0357
*c1cc(C)c(-c2ccc(CN3C(=O)c4ccc(C(c5ccc6c(c5)C(=O)N(Cc5ccc(*)c(C)c5C)C6=O)C(F)(F)F)cc4C3=O)c(C)c2C)cc1C,7.299999998
*c1cc(C)c(-n2c(=O)c3cc4oc5cc6c(cc5oc4cc3c2=O)C2(C(C)C)c3cc4oc5cc7c(=O)n(-c8c(C)cc(*)cc8C)c(=O)c7cc5oc4cc3C23c2ccccc2C63C(C)C)c(C)c1,98.00000007
*c1cc(C)c(C)c(N2C(=O)c3ccc(Oc4cc(C)c(Oc5ccc6c(c5)C(=O)N(*)C6=O)c(C)c4C)cc3C2=O)c1C,3.800000003
*c1cc(C)c(CN2C(=O)c3ccc(C(c4ccc5c(c4)C(=O)N(Cc4c(C)cc(-c6cc(C)c(*)cc6C)cc4C)C5=O)C(F)(F)F)cc3C2=O)c(C)c1,16.49999999
*c1cc(C)c(CN2C(=O)c3ccc(C(c4ccc5c(c4)C(=O)N(Cc4cc(C)c(-c6cc(C)c(*)cc6C)cc4C)C5=O)C(F)(F)F)cc3C2=O)cc1C,2.400000002
*c1cc(C)c(Cc2cc(C)c(N3C(=O)c4ccc(Oc5ccc(Oc6ccc7c(c6)C(=O)N(*)C7=O)cc5)cc4C3=O)cc2C)cc1C,0.0634
*c1cc(C)c(N2C(=O)c3cc4c(cc3C2=O)C2(C)CCC4(C)c3cc4c(cc32)C(=O)N(c2c(C)cc(*)c3ccccc23)C4=O)c2ccccc12,368.9999999
*c1cc(C)c(N2C(=O)c3cc4c(cc3C2=O)C2(c3ccccc3-4)c3ccccc3-c3cc4c(cc32)C(=O)N(c2c(C)cc(*)c3ccccc23)C4=O)c2ccccc12,225.9999999
*c1cc(C)c(N2C(=O)c3ccc(C(c4ccc5c(c4)C(=O)N(*)C5=O)(C(F)(F)F)C(F)(F)F)cc3C2=O)cc1C,2.669999998
*c1cc(C)c(N2C(=O)c3ccc(C(c4ccc5c(c4)C(=O)N(c4c(C)cc(-c6cc(C)c(*)cc6C)cc4C)C5=O)(C(F)(F)F)C(F)(F)F)cc3C2=O)c(C)c1,13.39999999
*c1cc(C)c(N2C(=O)c3ccc(C(c4ccc5c(c4)C(=O)N(c4c(C)cc(*)c6ccccc46)C5=O)(C(F)(F)F)C(F)(F)F)cc3C2=O)c2ccccc12,37.10000003
*c1cc(C)c(N2C(=O)c3ccc(Oc4cc(C(C)(C)C)c(Oc5ccc6c(c5)C(=O)N(c5c(C)cc(*)cc5C)C6=O)cc4C(C)(C)C)cc3C2=O)c(C)c1,4.9
*c1cc(C)c(N2C(=O)c3ccc(Oc4cc(C)c(Oc5ccc6c(c5)C(=O)N(c5c(C)cc(*)cc5C)C6=O)c(C)c4C)cc3C2=O)c(C)c1,1.2
*c1cc(C)c(NC(=O)c2ccc(Oc3cc(C(C)(C)C)c(Oc4ccc(C(=O)Nc5c(C)cc(C(*)(C)C)cc5C)cc4)cc3C(C)(C)C)cc2)c(C)c1,1.729999999
*c1cc(C)c(OC(=O)Oc2c(C)cc(C(*)(C(F)(F)F)C(F)(F)F)cc2C)c(C)c1,7.750000009
*c1cc(C)c(OC(=O)Oc2c(C)cc(C(*)(C)C)cc2C)c(C)c1,1.09
*c1cc(C)c(OC(=O)c2cc(C(=O)Oc3c(C)cc(C(*)(C)C)cc3C)cc(C(C)(C)C)c2)c(C)c1,2.6
*c1cc(C)c(OC(=O)c2ccc(Oc3c(C)cc(C(*)(C)C)cc3C)cc2)c(C)c1,1.429999998
*c1cc(C)c(OC(=O)c2cccc(C(=O)Oc3c(C)cc(C(*)(C)C)cc3Br)c2)c(Br)c1,1.059999999
*c1cc(C)c(OC(=O)c2cccc(C(=O)Oc3c(C)cc(C(*)(C)C)cc3C)c2)c(C)c1,0.578999995
*c1cc(C)c(OC(=O)c2cccc(C(=O)Oc3c(C)cc(C4(*)c5ccccc5-c5ccccc54)cc3Br)c2)c(Br)c1,2.780000001
*c1cc(C)c(OC(=O)c2cccc(Oc3c(C)cc(C(*)(C)C)cc3C)c2)c(C)c1,0.679999996
*c1cc(C)c(Oc2ccc(C(=O)c3ccc(-c4c(C)cc(*)cc4C)cc3)cc2)c(C)c1,0.971
*c1cc(C)c(Oc2ccc(C(=O)c3ccc(Oc4c(C)cc(C(*)(C)C)cc4C)cc3)cc2)c(C)c1,1.1
*c1cc(C)c(Oc2ccc(C(=O)c3ccc(Oc4cc(C)c(C5(*)OC(=O)c6ccccc65)cc4C)cc3)cc2)cc1C,0.19
*c1cc(C)c(Oc2ccc(C(C)(C)c3ccc(Oc4c(C)cc(C(*)(C(F)(F)F)C(F)(F)F)cc4C)cc3)cc2)c(C)c1,3.999999997
*c1cc(C)c(Oc2ccc(C(C)(C)c3ccc(Oc4c(C)cc(C(*)(C)C)cc4C)cc3)cc2)c(C)c1,1.059999999
*c1cc(C)c(Oc2ccc(S(=O)(=O)c3ccc(Oc4c(C)cc(C(C)(C)c5ccc(C(*)(C)C)cc5)cc4C)cc3)cc2)c(C)c1,0.570000006
*c1cc(C)c(Oc2ccc(S(=O)(=O)c3ccc(Oc4c(C)cc(C(C)(C)c5cccc(C(*)(C)C)c5)cc4C)cc3)cc2)c(C)c1,0.279999999
*c1cc(C)c(Oc2ccc(S(=O)(=O)c3ccc(Oc4c(C)cc(C(*)(C(F)(F)F)C(F)(F)F)cc4C)cc3)cc2)c(C)c1,3.999999997
*c1cc(C)c(Oc2ccc(S(=O)(=O)c3ccc(Oc4c(C)cc(C(*)(C)C)cc4C)cc3)cc2)c(C)c1,1.079999999
*c1cc(C)c(Oc2ccc(S(=O)(=O)c3ccc(Oc4c(C)cc(*)cc4C)cc3)cc2)c(C)c1,3.509999996
*c1cc(C)c(Oc2ccc(S(=O)(=O)c3ccc(Oc4cc(C)c(C5(*)OC(=O)c6ccccc65)cc4C)cc3)cc2)cc1C,0.209999998
*c1cc(C)c2c(c1)S(=O)(=O)c1cc(N3C(=O)c4ccc(-c5ccc6c(c5)C(=O)N(*)C6=O)cc4C3=O)cc(C)c1-2,0.288000001
*c1cc(C)c2c(c1)S(=O)(=O)c1cc(N3C(=O)c4ccc(C(c5ccc6c(c5)C(=O)N(*)C6=O)(C(F)(F)F)C(F)(F)F)cc4C3=O)cc(C)c1-2,5.14
*c1cc(Cl)c(OC(=O)Oc2c(Cl)cc(C(*)(C)C)cc2Cl)c(Cl)c1,0.359999999
*c1cc2c(cc1C)-c1c(C)cc(CN3C(=O)c4ccc(C(c5ccc6c(c5)C(=O)N(*)C6=O)(C(F)(F)F)C(F)(F)F)cc4C3=O)cc1S2(=O)=O,3.710000003
*c1cc2c(cc1C)-c1cc(C)c(N3C(=O)c4ccc(-c5ccc6c(c5)C(=O)N(*)C6=O)cc4C3=O)cc1S2(=O)=O,0.288000001
*c1cc2c(cc1C)-c1cc(C)c(N3C(=O)c4ccc(C(c5ccc6c(c5)C(=O)N(*)C6=O)(C(F)(F)F)C(F)(F)F)cc4C3=O)cc1S2(=O)=O,2.819999998
*c1cc2c(cc1O)C1(CC2(C)C)CC(C)(C)c2cc(-n3c(=O)c4cc5c(=O)n(*)c(=O)c5cc4c3=O)c(O)cc21,30.49999998
*c1cc2c(cc1O)C1(CC2(C)C)CC(C)(C)c2cc(N3C(=O)c4ccc(C(c5ccc6c(c5)C(=O)N(*)C6=O)(C(F)(F)F)C(F)(F)F)cc4C3=O)c(O)cc21,10.79999999
*c1cc2c(cc1Oc1ccc(C(C)(C)C)cc1)C(=O)N(Cc1ccc(Oc3ccc(N4C(=O)c5cc(*)c(Oc6ccc(C(C)(C)C)cc6)cc5C4=O)cc3)cc1)C2=O,2.95
*c1cc2c(cc1Oc1ccc(C)cc1)C(=O)N(Cc1ccc(Oc3ccc(N4C(=O)c5cc(*)c(Oc6ccc(C)cc6)cc5C4=O)cc3)cc1)C2=O,1.25
*c1cc2c(cc1Oc1ccccc1)C(=O)N(Cc1ccc(Cc3ccc(N4C(=O)c5cc(*)c(Oc6ccccc6)cc5C4=O)cc3)cc1)C2=O,0.73
*c1cc2c(cc1Oc1ccccc1)C(=O)N(Cc1ccc(Oc3ccc(N4C(=O)c5cc(*)c(Oc6ccccc6)cc5C4=O)cc3)cc1)C2=O,0.829999995
*c1ccc(-c2ccc(-c3ccc(-c4ccc(-c5ccc(-c6ccc(-c7ccc(-c8ccc(-c9ccc%10c(c9)C(=O)C(c9ccc(-c%11ccc(*)cc%11C(=O)c%11ccccc%11)cc9C(F)(F)F)C%10=O)cc8C(=O)c8ccccc8)c(C(=O)c8ccccc8)c7)c(C(=O)c7ccccc7)c6)cc5C(=O)c5ccccc5)c(C(=O)c5ccccc5)c4)c(C(=O)c4ccccc4)c3)c(C(=O)c3ccccc3)c2)c(C(=O)c2ccccc2)c1,0.120000001
*c1ccc(-c2ccc(-c3ccc(C(*)(c4ccccc4)C(F)(F)F)cc3)cc2)cc1,8.999999991
*c1ccc(-c2ccc(-n3c(=O)c4cc5oc6cc7c(cc6oc5cc4c3=O)C3(CC(C)(C)c4cc5oc6cc8c(=O)n(*)c(=O)c8cc6oc5cc43)CC7(C)C)cc2C(F)(F)F)c(C(F)(F)F)c1,16.00000001
*c1ccc(-c2ccc(C(*)(C(F)(F)F)C(F)(F)F)cc2)cc1,41.00000003
*c1ccc(-c2ccc(C(*)(c3ccccc3)C(F)(F)F)cc2)cc1,6.600000007
*c1ccc(-c2ccc(C3(*)OC(=O)c4ccccc43)cc2)cc1,2.39
*c1ccc(-c2ccc(N3C(=O)c4cc5c(cc4C3=O)S(=O)(=O)c3cc4c(cc3S5(=O)=O)C(=O)N(*)C4=O)cc2C(F)(F)F)c(C(F)(F)F)c1,1.33
*c1ccc(-c2ccc(Oc3ccc(C4(c5ccc(Oc6ccc(-c7ccc(-n8c(=O)c9cc%10c(=O)n(*)c(=O)c%10cc9c8=O)cc7)cc6C(F)(F)F)cc5)C(=O)N(c5ccccc5)c5ccccc54)cc3)c(C(F)(F)F)c2)cc1,1.2
*c1ccc(-c2ccc(Oc3ccc(C4(c5ccc(Oc6ccc(-c7ccc(-n8c(=O)c9cc%10c(=O)n(*)c(=O)c%10cc9c8=O)cc7)cc6C(F)(F)F)cc5)c5ccccc5-c5ccccc54)cc3)c(C(F)(F)F)c2)cc1,0.95000001
*c1ccc(-c2ccc3c(c2)C(=O)C(c2ccc(-c4ccc5c(c4)C(=O)C(c4ccc(-c6ccc7c(c6)C(=O)C(c6ccc(*)cc6C(F)(F)F)C7=O)cc4C(F)(F)F)C5=O)cc2C(F)(F)F)C3=O)c(C(=O)c2ccccc2)c1,0.49
*c1ccc(-c2nc3cc(C(c4ccc5oc(-c6ccc(C(*)(C(F)(F)F)C(F)(F)F)cc6)nc5c4)(C(F)(F)F)C(F)(F)F)ccc3o2)cc1,3.4
*c1ccc(-c2nc3ccc(C(c4ccc5nc(-c6ccc(C(*)(C(F)(F)F)C(F)(F)F)cc6)oc5c4)(C(F)(F)F)C(F)(F)F)cc3o2)cc1,271.0000001
*c1ccc(-c2nnc(-c3cccc(-c4nnc(*)n4-c4ccc(C)cc4)c3)n2-c2ccccc2)cc1,0.230000002
*c1ccc(-c2nnc(-c3cccc(-c4nnc(*)n4-c4ccc(Cl)cc4)c3)n2-c2ccccc2)cc1,0.180000002
*c1ccc(-c2nnc(-c3cccc(-c4nnc(*)n4-c4ccc(F)cc4)c3)n2-c2ccccc2)cc1,0.1
*c1ccc(-c2nnc(-c3cccc(-c4nnc(*)n4-c4ccccc4)c3)n2-c2ccccc2)cc1,0.115
*c1ccc(-n2c(=O)c3cc4c(=O)n(-c5ccc(C(*)(C)C)cc5)c(=O)c4cc3c2=O)cc1,1.5
*c1ccc(C(=O)Nc2ccc(-c3ccc(NC(=O)c4ccc5c(c4)C(C)(C)CC5(*)C)cc3C(F)(F)F)c(C(F)(F)F)c2)cc1,1.299999999
*c1ccc(C(=O)Nc2ccc(C(c3ccc(NC(=O)c4ccc5c(c4)C(C)(C)CC5(*)C)cc3)(C(F)(F)F)C(F)(F)F)cc2)cc1,1.359999999
*c1ccc(C(=O)Nc2ccc(Oc3ccc(C(C)(C)c4ccc(Oc5ccc(NC(=O)c6ccc7c(c6)C(C)(C)CC7(*)C)cc5)cc4)cc3)cc2)cc1,0.309999997
*c1ccc(C(=O)Nc2ccc(Oc3ccc(NC(=O)c4ccc5c(c4)C(C)(C)CC5(*)C)cc3)cc2)cc1,0.239999999
*c1ccc(C(=O)Nc2ccc(S(=O)(=O)c3ccc(NC(=O)c4ccc5c(c4)C(C)(C)CC5(*)C)cc3)cc2)cc1,0.06
*c1ccc(C(=O)Nc2cccc(NC(=O)c3ccc4c(c3)C(C)(C)CC4(*)C)c2)cc1,0.200000002
*c1ccc(C(=O)Nc2cccc3c(NC(=O)c4ccc5c(c4)C(C)(C)CC5(*)C)cccc23)cc1,0.120000001
*c1ccc(C(=O)c2ccc(Oc3ccc(C(=O)c4ccc(C(=O)c5ccc(Oc6ccc(C(=O)c7ccc(C8(*)OC(=O)c9ccccc98)cc7)cc6)cc5)cc4)cc3)cc2)cc1,0.0729
*c1ccc(C(=O)c2ccc(Oc3ccc(C(=O)c4ccc(Oc5ccc(C(=O)c6ccc(C7(*)OC(=O)c8ccccc87)cc6)cc5)cc4)cc3)cc2)cc1,0.098599999
*c1ccc(C(=O)c2ccc(Oc3ccc(C(=O)c4cccc(C(=O)c5ccc(Oc6ccc(C(=O)c7ccc(C8(*)OC(=O)c9ccccc98)cc7)cc6)cc5)c4)cc3)cc2)cc1,0.031
*c1ccc(C(=O)c2ccc(Oc3ccc(C(c4ccc(Oc5ccc(C(=O)c6ccc(C(*)(C)C)cc6)cc5)cc4)(C(F)(F)F)C(F)(F)F)cc3)cc2)cc1,0.440000004
*c1ccc(C(c2ccc(-n3c(=O)c4cc5oc6cc7c(cc6oc5cc4c3=O)C3(CC(C)(C)c4cc5oc6cc8c(=O)n(*)c(=O)c8cc6oc5cc43)CC7(C)C)cc2)(C(F)(F)F)C(F)(F)F)cc1,23.0
*c1ccc(C(c2ccc(O)c(N3C(=O)c4cc5c(cc4C3=O)C3(C)c4ccc(cc4)C5(C)c4cc5c(cc43)C(=O)N(*)C5=O)c2)(C(F)(F)F)C(F)(F)F)cc1,1.5
*c1ccc(C)c(-n2c(=O)c3cc4oc5cc6c(cc5oc4cc3c2=O)C2(CC6(C)C)CC(C)(C)c3cc4oc5cc6c(=O)n(-c7cc(C(*)(C(F)(F)F)C(F)(F)F)ccc7C)c(=O)c6cc5oc4cc32)c1,8.999999991
*c1ccc(C)c(N2C(=O)c3ccc(C(c4ccc5c(c4)C(=O)N(*)C5=O)(C(F)(F)F)C(F)(F)F)cc3C2=O)c1,1.310000001
*c1ccc(CN2C(=O)c3ccc(C(c4ccc5c(c4)C(=O)N(Cc4ccc(-c6cc(C)c(*)cc6C)cc4C)C5=O)C(F)(F)F)cc3C2=O)c(C)c1,1.600000001
*c1ccc(Cc2ccc(N3C(=O)c4ccc(Oc5ccc(Oc6ccc7c(c6)C(=O)N(*)C7=O)cc5)cc4C3=O)c(C)c2C)c(C)c1C,0.0631
*c1ccc(Cc2ccc(N3C(=O)c4ccc(Oc5ccc(Oc6ccc7c(c6)C(=O)N(*)C7=O)cc5)cc4C3=O)cc2C)c(C)c1,0.0356
*c1ccc(N2C(=O)c3ccc(-c4ccc5c(c4)C(=O)N(c4ccc(C(*)(C)C)cc4)C5=O)cc3C2=O)cc1,1.389999999
*c1ccc(N2C(=O)c3ccc(-c4ccc5c(c4)C(=O)N(c4ccc(*)cc4C)C5=O)cc3C2=O)c(C)c1,0.0483
*c1ccc(N2C(=O)c3ccc(C(=O)c4ccc5c(c4)C(=O)N(c4cc6c(cc4Br)C(C)(C)CC6(*)C)C5=O)cc3C2=O)cc1,0.550000001
*c1ccc(N2C(=O)c3ccc(C(=O)c4ccc5c(c4)C(=O)N(c4ccc6c(c4)C(*)(C)CC6(C)C)C5=O)cc3C2=O)cc1,0.266999999
*c1ccc(N2C(=O)c3ccc(C(c4ccc5c(c4)C(=O)N(c4ccc(C(*)(C)C)cc4)C5=O)(C(F)(F)F)C(F)(F)F)cc3C2=O)cc1,1.339999999
*c1ccc(N2C(=O)c3ccc(C(c4ccc5c(c4)C(=O)N(c4ccc(N(*)c6ccc(N(c7ccc(OC)cc7)c7ccc(OC)cc7)cc6)cc4)C5=O)(C(F)(F)F)C(F)(F)F)cc3C2=O)cc1,0.589999998
*c1ccc(N2C(=O)c3ccc(C(c4ccc5c(c4)C(=O)N(c4ccc(N(*)c6ccc(OC)cc6)cc4)C5=O)(C(F)(F)F)C(F)(F)F)cc3C2=O)cc1,0.890000007
*c1ccc(N2C(=O)c3ccc(C(c4ccc5c(c4)C(=O)N(c4cccc(C(*)(C)C)c4)C5)(C(F)(F)F)C(F)(F)F)cc3C2=O)cc1,0.472999999
*c1ccc(N2C(=O)c3ccc(Oc4ccc(C(C)(C)C)cc4Oc4ccc5c(c4)C(=O)N(c4ccc(*)cc4OC)C5=O)cc3C2=O)c(OC)c1,0.209999998
*c1ccc(N2C(=O)c3ccc(Oc4ccc(Oc5ccc6c(c5)C(=O)N(c5ccc(C(*)(C)C)cc5)C6=O)cc4)cc3C2=O)cc1,0.104
*c1ccc(NC(=O)c2ccc(Oc3cc(C(C)(C)C)c(Oc4ccc(C(=O)Nc5ccc(C(*)(C)C)cc5C)cc4)cc3C(C)(C)C)cc2)c(C)c1,0.810000002
*c1ccc(OC(=O)Oc2ccc(C(*)(C)C)cc2)cc1,0.309
*c1ccc(OC(=O)Oc2ccc(C(*)(C)c3ccccc3)cc2)cc1,0.320000001
*c1ccc(OC(=O)Oc2ccc(C3(*)CC(C)CC(C)(C)C3)cc2)cc1,1.72
*c1ccc(OC(=O)c2cc(C(=O)Oc3ccc(C(*)(C)C)cc3C(C)C)cc(C(C)(C)C)c2)c(C(C)C)c1,1.079999999
*c1ccc(OC(=O)c2cc(C(=O)Oc3ccc(C(*)(C)C)cc3C)cc(C(C)(C)C)c2)c(C)c1,0.393
*c1ccc(OC(=O)c2ccc(-c3ccc(C(=O)Oc4ccc(C(*)(C)C)cc4)cc3)cc2)cc1,0.255
*c1ccc(OC(=O)c2ccc(C(=O)Oc3ccc(C(C)(C)c4ccc(OC(=O)c5cccc(C(=O)Oc6ccc(C(*)(C)C)cc6)c5)cc4)cc3)cc2)cc1,0.33
*c1ccc(OC(=O)c2ccc(C(=O)Oc3ccc(C(*)(C)C)cc3)cc2)cc1,0.630000001
*c1ccc(OC(=O)c2ccc(Oc3ccc(C(*)(C)C)cc3)cc2)cc1,0.369999997
*c1ccc(OC(=O)c2ccc(Oc3ccc(C(*)(C)C)cc3C)cc2)c(C)c1,0.230000002
*c1ccc(OC(=O)c2ccc(Oc3ccc(C4(*)OC(=O)c5ccccc54)cc3C)cc2)c(C)c1,0.15
*c1ccc(OC(=O)c2cccc(C(=O)Oc3ccc(C(*)(C)C)cc3)c2)cc1,0.515000001
*c1ccc(OC(=O)c2cccc(C(=O)Oc3ccc(C(*)(C)C)cc3C(C)C)c2)c(C(C)C)c1,0.273000002
*c1ccc(OC(=O)c2cccc(C(=O)Oc3ccc(C(*)(C)C)cc3C)c2)c(C)c1,0.062799999
*c1ccc(OC(=O)c2cccc(C(=O)Oc3ccc(C(*)(C)c4ccccc4)cc3)c2)cc1,0.54
*c1ccc(OC(=O)c2cccc(C(=O)Oc3ccc(C(*)c4ccccc4C(=O)O)cc3)c2)cc1,0.342000003
*c1ccc(OC(=O)c2cccc(Oc3ccc(C(*)(C)C)cc3C)c2)c(C)c1,0.076
*c1ccc(OCC(O)COc2ccc(C(*)(C)C)cc2)cc1,0.015
*c1ccc(OOC(=O)c2ccc3c(c2)C(=O)c2cc(C(=O)Oc4ccc(C(*)(C)C)cc4)ccc2-3)cc1,0.250000001
*c1ccc(OOc2ccc(C(*)(C)C)cc2)cc1,2.890000002
*c1ccc(OOc2ccc(S(=O)(=O)c3ccc(Oc4ccc(C(*)(C)C)cc4)cc3)cc2)cc1,0.205
*c1ccc(OOc2ccc(*)cc2)cc1,2.609999998
*c1ccc(Oc2c(F)c(F)c(COC(c3ccc(C(OCc4c(F)c(F)c(Oc5ccc(C(*)(C)C)cc5)c(F)c4F)(C(F)(F)F)C(F)(F)F)cc3)(C(F)(F)F)C(F)(F)F)c(F)c2F)cc1,0.480000003
*c1ccc(Oc2c(F)c(F)c(COC(c3cccc(C(OCc4c(F)c(F)c(Oc5ccc(N6C(=O)CCC67CCC(=O)N7*)cc5)c(F)c4F)(C(F)(F)F)C(F)(F)F)c3)(C(F)(F)F)C(F)(F)F)c(F)c2F)cc1,0.459999998
*c1ccc(Oc2ccc(-c3ccc(-n4c(=O)c5cc6c(=O)n(-c7ccc(-c8ccc(Oc9ccc%10c(c9)C(*)(C)CC%10(C)C)c(C(F)(F)F)c8)cc7)c(=O)c6cc5c4=O)cc3)cc2C(F)(F)F)cc1,2.36
*c1ccc(Oc2ccc(-c3ccc(N4C(=O)c5ccc(C(=O)c6ccc7c(c6)C(=O)N(c6ccc(-c8ccc(Oc9ccc%10c(c9)C(*)(C)CC%10(C)C)c(C(F)(F)F)c8)cc6)C7=O)cc5C4=O)cc3)cc2C(F)(F)F)cc1,1.319999999
*c1ccc(Oc2ccc(-c3ccc(N4C(=O)c5ccc(Oc6ccc(C(C)(C)c7ccc(Oc8ccc9c(c8)C(=O)N(c8ccc(-c%10ccc(Oc%11ccc%12c(c%11)C(*)(C)CC%12(C)C)c(C(F)(F)F)c%10)cc8)C9=O)cc7)cc6)cc5C4=O)cc3)cc2C(F)(F)F)cc1,2.08
*c1ccc(Oc2ccc(-c3ccc(N4C(=O)c5ccc(Oc6ccc7c(c6)C(=O)N(c6ccc(-c8ccc(Oc9ccc%10c(c9)C(*)(C)CC%10(C)C)c(C(F)(F)F)c8)cc6)C7=O)cc5C4=O)cc3)cc2C(F)(F)F)cc1,2.439999998
*c1ccc(Oc2ccc(-c3ccc(Oc4ccc(S(*)(=O)=O)cc4)cc3)cc2)cc1,0.769
*c1ccc(Oc2ccc(-n3c(=O)c4cc5sc6cc7c(=O)n(*)c(=O)c7cc6sc5cc4c3=O)cc2)cc1,0.110000001
*c1ccc(Oc2ccc(C(=O)c3ccc(-c4ccc(C(=O)c5ccc(Oc6ccc(C(*)(C)C)cc6)cc5)cc4)cc3)cc2)cc1,0.129999999
*c1ccc(Oc2ccc(C(=O)c3ccc(-c4ccc([S+]([O-])c5ccc(Oc6ccc(C(*)(C)C)cc6)cc5)cc4)cc3)cc2)cc1,0.129
*c1ccc(Oc2ccc(C(=O)c3ccc(C(=O)c4ccc(Oc5ccc(C(*)(C)C)cc5)cc4)cc3)cc2)cc1,0.086999999
*c1ccc(Oc2ccc(C(=O)c3ccc(C(C)(C)c4ccc(C(=O)c5ccc(Oc6ccc(C(*)(C)C)cc6)cc5)cc4)cc3)cc2)cc1,0.209999998
*c1ccc(Oc2ccc(C(=O)c3ccc(Oc4ccc(C(*)(C)C)cc4)cc3)cc2)cc1,0.159999999
*c1ccc(Oc2ccc(C(=O)c3ccc(Oc4ccc(C5(*)OC(=O)c6ccccc65)cc4)cc3)cc2)cc1,0.565000003
*c1ccc(Oc2ccc(C(=O)c3ccc(Oc4ccc(C5(*)OC(=O)c6ccccc65)cc4C)cc3)cc2)c(C)c1,0.097799999
*c1ccc(Oc2ccc(C(C)(C)c3ccc(Oc4ccc(S(*)(=C)=C)cc4)cc3)cc2)cc1,0.234999999
*c1ccc(Oc2ccc(C(*)(c3ccccc3)C(F)(F)F)cc2)cc1,0.689999999
*c1ccc(Oc2ccc(C(c3ccc(Oc4ccc(-c5ccc(*)s5)cc4C(F)(F)F)cc3)C3c4ccccc4-c4ccccc43)cc2)c(C(F)(F)F)c1,1.989999998
*c1ccc(Oc2ccc(C(c3ccc(Oc4ccc(-n5c(=O)c6cc7c(=O)n(*)c(=O)c7cc6c5=O)cc4)cc3)(C(F)(F)F)C(F)(F)F)cc2)cc1,0.952999999
*c1ccc(Oc2ccc(C(c3ccc(Oc4ccc(-n5c(=O)c6cc7c(=O)n(*)c(=O)c7cc6c5=O)cc4C(F)(F)F)cc3)(C(F)(F)F)C(F)(F)F)cc2)c(C(F)(F)F)c1,1.5
*c1ccc(Oc2ccc(C(c3ccc(Oc4ccc(C(*)(C)C)cc4)cc3)(C(F)(F)F)C(F)(F)F)cc2)cc1,0.666999994
*c1ccc(Oc2ccc(C(c3ccc(Oc4ccc(N5C(=O)c6ccc7c8c(ccc(c68)C5=O)C(=O)N(*)C7=O)cc4)cc3)(C(F)(F)F)C(F)(F)F)cc2)cc1,0.720000006
*c1ccc(Oc2ccc(C(c3ccc(Oc4ccc(S(*)(=O)=O)cc4)cc3)(C(F)(F)F)C(F)(F)F)cc2)cc1,0.669000003
*c1ccc(Oc2ccc(C3(c4ccc(Oc5ccc(S(*)(=O)=O)cc5)cc4)CCCCC3)cc2)cc1,0.110000001
*c1ccc(Oc2ccc(C3(c4ccc(Oc5ccc(S(*)(=O)=O)cc5)cc4)c4ccccc4-c4ccccc43)cc2)cc1,0.483999998
*c1ccc(Oc2ccc(Cc3ccc(Oc4ccc(C(*)(C)C)cc4)cc3)cc2)cc1,0.200000002
*c1ccc(Oc2ccc(Cc3ccc(Oc4ccc(S(*)(=O)=O)cc4)cc3)cc2)cc1,0.200000002
*c1ccc(Oc2ccc(N3C(=O)c4cc5c(cc4C3=O)S(=O)(=O)c3cc4c(cc3S5(=O)=O)C(=O)N(*)C4=O)cc2)cc1,0.269999997
*c1ccc(Oc2ccc(N3C(=O)c4ccc(-c5ccc6c(c5)C(=O)N(c5ccc(Oc7ccc(C(*)(C)C)cc7)cc5)C6=O)cc4C3=O)cc2)cc1,0.0938
*c1ccc(Oc2ccc(Oc3ccc(Oc4ccc(C(*)(C)C)cc4)cc3)cc2)cc1,0.195999999
*c1ccc(Oc2ccc(Oc3ccc(Oc4ccc(S(*)(=O)=O)cc4)cc3)cc2)cc1,0.195999999
*c1ccc(Oc2ccc(Oc3ccc(S(*)(=O)=O)cc3)cc2)cc1,0.129999999
*c1ccc(Oc2ccc(S(=O)(=O)c3ccc(-c4ccc(S(=O)(=O)c5ccc(Oc6ccc(C(*)(C)C)cc6)cc5)cc4)cc3)cc2)cc1,0.470000002
*c1ccc(Oc2ccc(S(=O)(=O)c3ccc(Oc4ccc(C(C)(C)c5ccc(C(*)(C)C)cc5)cc4)cc3)cc2)cc1,0.320000001
*c1ccc(Oc2ccc(S(=O)(=O)c3ccc(Oc4ccc(C(C)(C)c5cccc(C(*)(C)C)c5)cc4)cc3)cc2)cc1,0.110000001
*c1ccc(Oc2ccc(S(=O)(=O)c3ccc(Oc4ccc(C(*)(C)C)cc4)cc3)cc2)cc1,0.244999998
*c1ccc(Oc2ccc(S(=O)(=O)c3ccc(Oc4ccc(C(*)(C)C)cc4C)cc3)cc2)c(C)c1,0.091300001
*c1ccc(Oc2ccc(S(=O)(=O)c3ccc(Oc4ccc(C(*)(C)c5ccccc5)cc4)cc3)cc2)cc1,0.278000003
*c1ccc(Oc2ccc(S(=O)(=O)c3ccc(Oc4ccc(C(*)c5ccccc5C(=O)O)cc4)cc3)cc2)cc1,0.0437
*c1ccc(Oc2ccc(S(=O)(=O)c3ccc(Oc4ccc(C5(*)CCCCC5)cc4C)cc3)cc2)c(C)c1,0.0569
*c1ccc(Oc2ccc(S(=O)(=O)c3ccc(Oc4ccc(C5(*)OC(=O)c6ccccc65)cc4)cc3)cc2)cc1,0.167
*c1ccc(Oc2ccc(S(=O)(=O)c3ccc(Oc4ccc(C5(*)OC(=O)c6ccccc65)cc4C)cc3)cc2)c(C)c1,0.110000001
*c1ccc(Oc2ccc(S(=O)(=O)c3ccc(Oc4cccc(C(*)(C)C)c4)cc3)cc2)cc1,0.066000001
*c1ccc(Oc2ccc(S(*)(=O)=O)cc2)cc1,0.209999998
*c1ccc(Oc2ccc3c(c2)C(=O)N(c2ccc(-c4ccc(Oc5ccc(C6(c7ccc(Oc8ccc(-c9ccc(N%10C(=O)c%11ccc(Oc%12ccc(C(*)(C)C)cc%12)cc%11C%10=O)cc9)cc8C(F)(F)F)cc7)c7ccccc7-c7ccccc76)cc5)c(C(F)(F)F)c4)cc2)C3=O)cc1,1.189999999
*c1ccc(Oc2ccc3c(c2)C(=O)N(c2ccc(Cc4ccc(N5C(=O)c6ccc(Oc7ccc(C(*)(C)C)cc7)cc6C5=O)cc4)cc2)C3=O)cc1,0.138000001
*c1ccc(Oc2ccc3c(c2)C(=O)N(c2cccc(N4C(=O)c5ccc(Oc6ccc(C(*)(C)C)cc6)cc5C4=O)c2)C3=O)cc1,0.0528
*c1ccc(Oc2ccc3cc(Oc4ccc(S(*)(=O)=O)cc4)ccc3c2)cc1,0.0507
*c1ccc(Oc2ccc3ccc(Oc4ccc(S(*)(=O)=O)cc4)cc3c2)cc1,0.0735
*c1ccc(Oc2cccc3c(Oc4ccc(S(*)(=O)=O)cc4)cccc23)cc1,0.057000001
*c1ccc2c(c1)C(=O)C(c1ccc(-c3ccc(-c4ccc(-c5ccc(*)cc5C(=O)c5ccccc5)cc4C(=O)c4ccccc4)cc3C(=O)c3ccccc3)cc1C(F)(F)F)C2=O,0.140000001
*c1ccc2c(c1)C(=O)C(c1ccc(-c3ccc(C4C(=O)c5ccc(-c6ccc(C7C(=O)c8ccc(-c9ccc%10c(c9)C(=O)C(c9ccc(-c%11ccc%12c(c%11)C(=O)C(c%11ccc(-c%13ccc%14c(c%13)C(=O)C(c%13ccc(-c%15ccc%16c(c%15)C(=O)C(c%15ccc(-c%17ccc(C%18C(=O)c%19ccc(-c%20ccc%21c(c%20)C(=O)C(c%20ccc(-c%22ccc(*)cc%22C(=O)c%22ccccc%22)cc%20C(F)(F)F)C%21=O)cc%19C%18=O)c(C(F)(F)F)c%17)cc%15C(F)(F)F)C%16=O)cc%13C(F)(F)F)C%14=O)cc%11C(F)(F)F)C%12=O)cc9C(F)(F)F)C%10=O)cc8C7=O)c(C(F)(F)F)c6)cc5C4=O)c(C(F)(F)F)c3)cc1C(F)(F)F)C2=O,0.589999998
*c1ccc2c(c1)C(=O)C(c1ccc(-c3ccc(*)cc3C(=O)c3ccccc3)cc1C(F)(F)F)C2=O,0.299999997
*c1ccc2c(c1)C(=O)C(c1ccc(*)cc1C(F)(F)F)C2=O,0.399999999
*c1ccc2c(c1)C(=O)N(Oc1ccc(-c3ccc(C(c4ccc(Oc5ccc(N6C(=O)c7ccc(C(*)(C(F)(F)F)C(F)(F)F)cc7C6=O)cc5)cc4)(C(F)(F)F)C(F)(F)F)cc3)cc1)C2,0.981000006
*c1ccc2c(c1)C(=O)N(Oc1ccc(-c3ccc(C(c4ccc(Oc5ccc(N6C(=O)c7ccc(C(*)(C(F)(F)F)C(F)(F)F)cc7C6=O)cc5C(F)(F)F)cc4)(C(F)(F)F)C(F)(F)F)cc3)cc1C(F)(F)F)C2,1.299999999
*c1ccc2c(c1)C(=O)N(c1cc(N3C(=O)c4ccc(C(*)(C(F)(F)F)C(F)(F)F)cc4C3=O)cc(C(F)(F)F)c1)C2=O,1.170000001
*c1ccc2c(c1)C(=O)N(c1ccc(-c3ccc(N4C(=O)c5ccc(C(*)(C(F)(F)F)C(F)(F)F)cc5C4=O)c(O)c3)cc1O)C2=O,0.167999999
*c1ccc2c(c1)C(=O)N(c1ccc(-c3ccc(N4C(=O)c5ccc(*)cc5C4=O)c(O)c3)cc1O)C2=O,0.001
*c1ccc2c(c1)C(=O)N(c1ccc(-c3ccc(Oc4ccc(C5(c6ccc(Oc7ccc(-c8ccc(N9C(=O)c%10ccc(C(*)(C(F)(F)F)C(F)(F)F)cc%10C9=O)cc8)cc7C(F)(F)F)cc6)C(=O)N(c6ccccc6)c6ccccc65)cc4)c(C(F)(F)F)c3)cc1)C2=O,1.709999998
*c1ccc2c(c1)C(=O)N(c1ccc(-c3ccc(Oc4ccc(C5(c6ccc(Oc7ccc(-c8ccc(N9C(=O)c%10ccc(C(*)(C(F)(F)F)C(F)(F)F)cc%10C9=O)cc8)cc7C(F)(F)F)cc6)c6ccccc6-c6ccccc65)cc4)c(C(F)(F)F)c3)cc1)C2=O,2.059999998
*c1ccc2c(c1)C(=O)N(c1ccc(C(c3ccc(N4C(=O)c5ccc(C(*)(C(F)(F)F)C(F)(F)F)cc5C4=O)cc3)(C(F)(F)F)C(F)(F)F)cc1)C2,3.11
*c1ccc2c(c1)C(=O)N(c1ccc(C(c3ccc(N4C(=O)c5ccc(C(*)(C(F)(F)F)C(F)(F)F)cc5C4=O)cc3)(C(F)(F)F)C(F)(F)F)cc1)C2=O,3.229999998
*c1ccc2c(c1)C(=O)N(c1ccc(C(c3ccc(N4C(=O)c5ccc(*)cc5C4=O)cc3)(C(F)(F)F)C(F)(F)F)cc1)C2,1.389999999
*c1ccc2c(c1)C(=O)N(c1ccc(C(c3ccc(N4C(=O)c5ccc(*)cc5C4=O)cc3)(C(F)(F)F)C(F)(F)F)cc1)C2=O,1.09
*c1ccc2c(c1)C(=O)N(c1ccc(Cc3ccc(N4C(=O)c5ccc(C(*)(C(F)(F)F)C(F)(F)F)cc5C4=O)c(Cl)c3)cc1Cl)C2=O,0.269
*c1ccc2c(c1)C(=O)N(c1ccc(Cc3ccc(N4C(=O)c5ccc(C(*)(C(F)(F)F)C(F)(F)F)cc5C4=O)cc3)cc1)C2=O,0.646000003
*c1ccc2c(c1)C(=O)N(c1ccc(Cc3ccc(N4C(=O)c5ccc(*)cc5C4=O)c(Cl)c3)cc1Cl)C2=O,0.0307
*c1ccc2c(c1)C(=O)N(c1ccc(Cc3ccc(N4C(=O)c5ccc(*)cc5C4=O)cc3)cc1)C2=O,0.0221
*c1ccc2c(c1)C(=O)N(c1ccc(Cc3ccc(N4C(=O)c5ccc(*)cc5C4=O)cc3Br)c(Br)c1)C2=O,0.0103
*c1ccc2c(c1)C(=O)N(c1ccc(Cc3ccc(N4C(=O)c5ccc(*)cc5C4=O)cc3Cl)c(Cl)c1)C2=O,0.0107
*c1ccc2c(c1)C(=O)N(c1ccc(Cc3ccc(N4C(=O)c5ccc(*)cc5C4=O)cc3F)c(F)c1)C2=O,0.0203
*c1ccc2c(c1)C(=O)N(c1ccc(N(c3ccc(N4C(=O)c5ccc(C(*)(C(F)(F)F)C(F)(F)F)cc5C4=O)cc3)c3ccc(N(c4ccccc4)c4ccccc4)cc3)cc1)C2=O,0.449999996
*c1ccc2c(c1)C(=O)N(c1ccc(N(c3ccccc3)c3ccc(N4C(=O)c5ccc(C(*)(C(F)(F)F)C(F)(F)F)cc5C4=O)cc3)cc1)C2=O,0.660000007
*c1ccc2c(c1)C(=O)N(c1ccc(N(c3ccccc3)c3ccc(N4C(=O)c5ccc(*)cc5C4=O)cc3)cc1)C2=O,0.195999999
*c1ccc2c(c1)C(=O)N(c1ccc(N3C(=O)c4ccc(C(*)(C(F)(F)F)C(F)(F)F)cc4C3=O)cc1)C2=O,0.485000002
*c1ccc2c(c1)C(=O)N(c1ccc(N3C(=O)c4ccc([Si](*)(C)C)cc4C3=O)cc1)C2=O,0.105
*c1ccc2c(c1)C(=O)N(c1ccc(NC(=O)C(F)(F)C(F)(F)C(F)(F)C(F)(F)C(=O)Nc3ccc(N4C(=O)c5ccc(C(*)(C(F)(F)F)C(F)(F)F)cc5C4=O)cc3)cc1)C2=O,0.269999997
*c1ccc2c(c1)C(=O)N(c1ccc(NC(=O)C(F)(F)C(F)(F)C(F)(F)C(F)(F)C(F)(F)C(F)(F)C(=O)Nc3ccc(N4C(=O)c5ccc(C(*)(C(F)(F)F)C(F)(F)F)cc5C4=O)cc3)cc1)C2=O,0.390000003
*c1ccc2c(c1)C(=O)N(c1ccc(Oc3ccc(-c4ccc(-c5ccc(-c6ccc(Oc7ccc(N8C(=O)c9ccc(C(*)(C(F)(F)F)C(F)(F)F)cc9C8=O)cc7)c(C(F)(F)F)c6)cc5)cc4)cc3C(F)(F)F)cc1)C2=O,3.11
*c1ccc2c(c1)C(=O)N(c1ccc(Oc3ccc(-c4ccc(-c5ccc(Oc6ccc(N7C(=O)c8ccc(C(*)(C(F)(F)F)C(F)(F)F)cc8C7=O)cc6)c(C(F)(F)F)c5)cc4)cc3C(F)(F)F)cc1)C2=O,2.870000002
*c1ccc2c(c1)C(=O)N(c1ccc(Oc3ccc(-c4ccc(-c5ccc(Oc6ccc(N7C(=O)c8ccc(C(*)(C(F)(F)F)C(F)(F)F)cc8C7=O)cc6)c(C(F)(F)F)c5)s4)cc3C(F)(F)F)cc1)C2=O,1.779999999
*c1ccc2c(c1)C(=O)N(c1ccc(Oc3ccc(-c4ccc(Oc5ccc(N6C(=O)c7ccc(C(*)(C(F)(F)F)C(F)(F)F)cc7C6=O)cc5)cc4)cc3)cc1)C2=O,0.313000002
*c1ccc2c(c1)C(=O)N(c1ccc(Oc3ccc(-c4cccc(-c5ccc(Oc6ccc(N7C(=O)c8ccc(C(*)(C(F)(F)F)C(F)(F)F)cc8C7=O)cc6)c(C(F)(F)F)c5)n4)cc3C(F)(F)F)cc1)C2=O,1.909999999
*c1ccc2c(c1)C(=O)N(c1ccc(Oc3ccc(C(c4ccc(-c5ccc(Oc6ccc(N7C(=O)c8ccc(*)cc8C7=O)cc6)cc5)cc4)(C(F)(F)F)C(F)(F)F)cc3)cc1)C2,0.244999998
*c1ccc2c(c1)C(=O)N(c1ccc(Oc3ccc(C(c4ccc(-c5ccc(Oc6ccc(N7C(=O)c8ccc(*)cc8C7=O)cc6C(F)(F)F)cc5)cc4)(C(F)(F)F)C(F)(F)F)cc3)c(C(F)(F)F)c1)C2,0.562999994
*c1ccc2c(c1)C(=O)N(c1ccc(Oc3ccc(C(c4ccc(Oc5ccc(N6C(=O)c7ccc(C(*)(C(F)(F)F)C(F)(F)F)cc7C6=O)cc5)cc4)(C(F)(F)F)C(F)(F)F)cc3)cc1)C2=O,0.821000005
*c1ccc2c(c1)C(=O)N(c1ccc(Oc3ccc(C(c4ccc(Oc5ccc(N6C(=O)c7ccc(C(*)(C(F)(F)F)C(F)(F)F)cc7C6=O)cc5C(F)(F)F)cc4)(C(F)(F)F)C(F)(F)F)cc3)c(C(F)(F)F)c1)C2=O,1.299999999
*c1ccc2c(c1)C(=O)N(c1ccc(Oc3ccc(C(c4ccc(Oc5ccc(N6C(=O)c7ccc(*)cc7C6=O)cc5)cc4)(C(F)(F)F)C(F)(F)F)cc3)cc1)C2=O,0.305
*c1ccc2c(c1)C(=O)N(c1ccc(Oc3ccc(C(c4ccc(Oc5ccc(N6C(=O)c7ccc(*)cc7C6=O)cc5C(F)(F)F)cc4)(C(F)(F)F)C(F)(F)F)cc3)c(C(F)(F)F)c1)C2=O,0.562999994
*c1ccc2c(c1)C(=O)N(c1ccc(Oc3ccc(N4C(=O)c5ccc(C(*)(C(F)(F)F)C(F)(F)F)cc5C4=O)cc3)cc1)C2,0.732999992
*c1ccc2c(c1)C(=O)N(c1ccc(Oc3ccc(N4C(=O)c5ccc(C(*)(C(F)(F)F)C(F)(F)F)cc5C4=O)cc3)cc1)C2=O,0.696000001
*c1ccc2c(c1)C(=O)N(c1ccc(Oc3ccc(N4C(=O)c5ccc(*)cc5C4=O)cc3)cc1)C2=O,0.0215
*c1ccc2c(c1)C(=O)N(c1ccc(Oc3ccc(N4C(=O)c5ccc([Si](*)(C)C)cc5C4=O)cc3)cc1)C2=O,0.104
*c1ccc2c(c1)C(=O)N(c1ccc(Oc3ccc(Oc4ccc(Oc5ccc(N6C(=O)c7ccc(*)cc7C6=O)cc5)cc4)cc3)cc1)C2=O,0.0392
*c1ccc2c(c1)C(=O)N(c1ccc(Oc3ccc(S(=O)(=O)c4ccc(Oc5ccc(N6C(=O)c7ccc(*)cc7C6=O)cc5)cc4)cc3)cc1)C2=O,0.0544
*c1ccc2c(c1)C(=O)N(c1ccc(S(=O)(=O)c3ccc(N4C(=O)c5ccc(C(*)(C(F)(F)F)C(F)(F)F)cc5C4=O)cc3)cc1)C2=O,0.606999998
*c1ccc2c(c1)C(=O)N(c1ccc(S(=O)(=O)c3ccc(N4C(=O)c5ccc(*)cc5C4=O)cc3)cc1)C2=O,0.059500001
*c1ccc2c(c1)C(=O)N(c1ccc(Sc3ccc(N4C(=O)c5ccc(C(*)(C(F)(F)F)C(F)(F)F)cc5C4=O)cc3)cc1)C2=O,0.869999995
*c1ccc2c(c1)C(=O)N(c1ccc(Sc3ccc(N4C(=O)c5ccc(*)cc5C4=O)cc3)cc1)C2=O,0.022
*c1ccc2c(c1)C(=O)N(c1ccc(Sc3ccc(Sc4ccc(N5C(=O)c6ccc(C(*)(C(F)(F)F)C(F)(F)F)cc6C5=O)cc4)cc3)cc1)C2=O,0.340000002
*c1ccc2c(c1)C(=O)N(c1ccc(Sc3ccc(Sc4ccc(Sc5ccc(N6C(=O)c7ccc(C(*)(C(F)(F)F)C(F)(F)F)cc7C6=O)cc5)cc4)cc3)cc1)C2=O,0.369999997
*c1ccc2c(c1)C(=O)N(c1ccc(Sc3ccc(Sc4ccc(Sc5ccc(Sc6ccc(N7C(=O)c8ccc(C(*)(C(F)(F)F)C(F)(F)F)cc8C7=O)cc6)cc5)cc4)cc3)cc1)C2=O,0.290000001
*c1ccc2c(c1)C(=O)N(c1ccc3[nH]c4ccc(N5C(=O)c6ccc(C(*)(C(F)(F)F)C(F)(F)F)cc6C5=O)cc4c3c1)C2=O,0.724000006
*c1ccc2c(c1)C(=O)N(c1ccc3c(c1)C1c4ccc(N5C(=O)c6ccc(C(*)(C(F)(F)F)C(F)(F)F)cc6C5=O)cc4C3c3cc4ccccc4cc31)C2=O,8.999999991
*c1ccc2c(c1)C(=O)N(c1ccc3c(c1)C1c4ccccc4C3c3cc(N4C(=O)c5ccc(C(*)(C(F)(F)F)C(F)(F)F)cc5C4=O)ccc31)C2=O,4.700000001
*c1ccc2c(c1)C(=O)N(c1ccc3c(c1)Cc1cc(N4C(=O)c5ccc(C(*)(C(F)(F)F)C(F)(F)F)cc5C4=O)ccc1-3)C2=O,0.993000003
*c1ccc2c(c1)C(=O)N(c1cccc(C(c3cccc(N4C(=O)c5ccc(C(*)(C(F)(F)F)C(F)(F)F)cc5C4=O)c3)(C(F)(F)F)C(F)(F)F)c1)C2=O,0.261000002
*c1ccc2c(c1)C(=O)N(c1cccc(N3C(=O)c4ccc(C(*)(C(F)(F)F)C(F)(F)F)cc4C3=O)c1)C2=O,0.371
*c1ccc2c(c1)C(=O)N(c1cccc(NC(=O)C(F)(F)C(F)(F)C(F)(F)C(F)(F)C(=O)Nc3cccc(N4C(=O)c5ccc(C(*)(C(F)(F)F)C(F)(F)F)cc5C4=O)c3)c1)C2=O,0.080000001
*c1ccc2c(c1)C(=O)N(c1cccc(NC(=O)C(F)(F)C(F)(F)C(F)(F)C(F)(F)C(F)(F)C(F)(F)C(=O)Nc3cccc(N4C(=O)c5ccc(C(*)(C(F)(F)F)C(F)(F)F)cc5C4=O)c3)c1)C2=O,0.200000002
*c1ccc2c(c1)C(=O)N(c1cccc(Oc3ccc(C(c4ccc(Oc5cccc(N6C(=O)c7ccc(C(*)(C(F)(F)F)C(F)(F)F)cc7C6=O)c5)cc4)(C(F)(F)F)C(F)(F)F)cc3)c1)C2=O,0.239999999
*c1ccc2c(c1)C(=O)N(c1cccc(Oc3ccc(N4C(=O)c5ccc(C(*)(C(F)(F)F)C(F)(F)F)cc5C4=O)cc3)c1)C2,0.258999998
*c1ccc2c(c1)C(=O)N(c1cccc(Oc3cccc(N4C(=O)c5ccc(C(*)(C(F)(F)F)C(F)(F)F)cc5C4=O)c3)c1)C2=O,0.1
*c1ccc2c(c1)C(=O)N(c1cccc(S(=O)(=O)c3cccc(N4C(=O)c5ccc(C(*)(C(F)(F)F)C(F)(F)F)cc5C4=O)c3)c1)C2=O,0.087600001
*c1ccc2c(c1)C(=O)n1c-2nc2ccc(Oc3ccc4nc5n(c4c3)C(=O)c3cc(C(*)(C(F)(F)F)C(F)(F)F)ccc3-5)cc21,1.220000001
*c1ccc2c(c1)C1(CC2(C)C)CC(C)(C)c2ccc(N3C(=O)c4cc5c(cc4C3=O)C3(CC(C)(C)c4cc6c(cc43)C(=O)N(*)C6=O)CC5(C)C)cc21,65.00000005
*c1ccc2c(c1)C=C1C(=O)C(N3C(=O)c4ccc(C(c5ccc6c(c5)C(=O)N(*)C6=O)(C(F)(F)F)C(F)(F)F)cc4C3=O)=CC=C12,0.339000001
*c1ccc2c(c1)c1cc(N3C(=O)c4ccc(C(c5ccc6c(c5)C(=O)N(*)C6=O)(C(F)(F)F)C(F)(F)F)cc4C3=O)ccc1n2CC,1.750000001
*c1ccc2oc(-c3ccc4cc(-c5nc6cc(C(*)(C(F)(F)F)C(F)(F)F)ccc6o5)ccc4c3)nc2c1,0.209999998
*c1cccc(N2C(=O)c3ccc(C(c4ccc5c(c4)C(=O)N(*)C5=O)(C(F)(F)F)C(F)(F)F)cc3C2=O)c1C,2.000000002
*c1cccc(Oc2ccc(C(c3ccc(Oc4cccc(-n5c(=O)c6cc7c(=O)n(*)c(=O)c7cc6c5=O)c4)cc3)(C(F)(F)F)C(F)(F)F)cc2)c1,0.291000001
*c1cccc2c(-n3c(=O)c4cc5oc6cc7c(cc6oc5cc4c3=O)C3(CC(C)(C)c4cc5oc6cc8c(=O)n(*)c(=O)c8cc6oc5cc43)CC7(C)C)cccc12,19.0
*c1cncc(-c2ccc(Oc3ccc(C(c4ccc(Oc5ccc(*)cc5C(F)(F)F)cc4)C4c5ccccc5-c5ccccc54)cc3)c(C(F)(F)F)c2)c1,2.059999998
*c1nnc(C2CCC(*)CC2)o1,3.999999997
*/C(=C(/*)c1ccc(CCCC)cc1)c1ccccc1,1500.0
*/C(=C(/*)c1ccc(S(=O)(=O)O)cc1)c1ccc(CCCC)cc1,11.0
*/C(=C(/*)c1ccc(S(=O)(=O)O)cc1)c1ccc([Si](C)(C)C)cc1,0.279999999
*C(=C(*)c1ccc(C(C)(C)C)cc1)c1ccccc1,360.0000002
*C(=C(*)c1ccc(C(C)C)cc1)c1ccccc1,150.0
*C(=C(*)c1ccc(CCCC)cc1)c1ccccc1,11.0
*C(=C(*)c1ccc([Si](C)(C)CCCCCCCC)cc1)c1ccc(C(C)(C)C)cc1,7.499999993
*C(=C(*)c1ccc([Si](C)(C)CCCCCCCC)cc1)c1ccc(C(C)C)cc1,9.099999993
*C(=C(*)c1ccc([Si](C)(C)CCCCCCCC)cc1)c1ccc(CCCC)cc1,7.899999995
*C(=C(*)c1ccc([Si](C)(C)CCCCCCCC)cc1)c1ccccc1,11.0
*C(=C(*)c1ccccc1)c1ccccc1,740.0000005
*C(=O)Nc1ccc(Cc2ccc(NC(=O)c3cc(*)cc(C(C)(C)C)c3)cc2)cc1,0.230000002
*C(=O)c1ccc(Oc2ccc(C(c3ccccc3)(c3ccc(Oc4ccc(*)cc4)cc3)C(F)(F)F)cc2)cc1,0.15
*C1=Nc2ccc(-n3c(=O)c4cc5c(=O)n(-c6ccc(*)cc6)c(=O)c5cc4c3=O)cc2C(=O)OC1,0.0053
*C=Cc1ccc(*)cc1[Si](C)(C)C(C)(C)C,1.8
*C=Cc1ccc(*)cc1[Si](C)(C)CCCC,1.5
*C=Cc1ccc(*)cc1[Si](C)(C)CCCCCCCC,1.1
*C=Cc1ccc(*)cc1[Si](C)(C)CCCCCCCCCCCCCCCCCC,3.9
*CC(*)OC(=O)C1CCCCC1,0.446999997
*CC(*)OC1C2CC3CC(C2)CC1C3,1.690000002
*CC(*)OC1CC2CC1C1CCCC21,1.2
*CC(*)OC1CC2CCC1C2,0.959999993
*CC(*)OC1CCCCC1,0.98999999
*CC(*)OCC1CC2CC1C1CCCC21,0.129999999
*CC(*)OCC1CCCCC1,0.399999999
*CC(*)[Si](C)(C)c1ccccc1,0.449999996
*CCC(F)(Cl)C(*)(F)F,0.061000001
*CCc1c(Cl)cc(*)cc1Cl,0.0271
*CCc1ccc(*)cc1,0.049900001
*CCc1ccc(*)cc1Br,0.00061
*CCc1ccc(*)cc1C,0.0157
*CCc1ccc(*)cc1CC,0.0904
*CCc1ccc(*)cc1Cl,0.00687
*N=P(*)(C)C,1.27
*OCCOC(=O)c1ccc(C(*)=O)cc1,0.0165
*Oc1ccc(Oc2ccc3c(c2)C(=O)N(c2cccc(N4C(=O)c5ccc(*)cc5C4=O)c2)C3=O)cc1,0.016
*Sc1ccc2c(c1)C(=O)N(c1ccc(Oc3ccc(N4C(=O)c5ccc(*)cc5C4=O)cc3)cc1)C2=O,0.111999999
*Sc1cccc2c1C(=O)N(c1ccc(Oc3ccc(N4C(=O)c5cccc(*)c5C4=O)cc3)cc1)C2=O,0.462999999
*c1cc(C(=O)OC)cc(N2C(=O)c3ccc(Oc4ccc(Oc5ccc6c(c5)C(=O)N(*)C6=O)cc4)cc3C2=O)c1,0.034
*c1cc(C(=O)OCC)cc(N2C(=O)c3ccc(Oc4ccc(Oc5ccc6c(c5)C(=O)N(*)C6=O)cc4)cc3C2=O)c1,0.077000001
*c1cc(C)c(Oc2ccc(S(=O)(=O)c3ccc(Oc4c(C)cc(C(*)(C(F)(F)F)C(F)(F)F)cc4C)cc3C(O)(C(F)(F)F)C(F)(F)F)c(C(O)(C(F)(F)F)C(F)(F)F)c2)c(C)c1,5.920000004
*c1cc(C)c(Oc2ccc(S(=O)(=O)c3ccc(Oc4c(C)cc(C(*)(C)C)cc4C)cc3C(O)(C(F)(F)F)C(F)(F)F)c(C(O)(C(F)(F)F)C(F)(F)F)c2)c(C)c1,1.5
*c1cc(N2C(=O)c3ccc(Oc4ccc(Oc5ccc6c(c5)C(=O)N(*)C6=O)cc4)cc3C2=O)c(C(=O)OCC2c3ccccc3-c3ccccc32)c(C(=O)O)c1C(=O)OCC1c2ccccc2-c2ccccc21,0.015
*c1ccc(C(=O)c2ccc(Oc3ccc(-c4ccc(Oc5ccc(C(=O)c6ccc7c(c6)C(C)(C6CCCCC6)CC7(*)C6CCCCC6)cc5)cc4)cc3)cc2)cc1,0.42
*c1ccc(C(=O)c2ccc(Oc3ccc(C(=O)c4ccc(Oc5ccc(C(=O)c6ccc7c(c6)C(C)(C6CCCCC6)CC7(*)C6CCCCC6)cc5)cc4)cc3)cc2)cc1,0.159999999
*c1ccc(C(=O)c2ccc(Oc3ccc(C(c4ccc(Oc5ccc(C(=O)c6ccc7c(c6)C(C)(C6CCCCC6)CC7(*)C6CCCCC6)cc5)cc4)(C(F)(F)F)C(F)(F)F)cc3)cc2)cc1,0.320000001
*c1ccc(C(=O)c2ccc(Oc3ccc(C4(c5ccc(Oc6ccc(C(=O)c7ccc8c(c7)C(C)(C7CCCCC7)CC8(*)C7CCCCC7)cc6)cc5)CCCCC4)cc3)cc2)cc1,0.290000001
*c1ccc(C(=O)c2ccc(Oc3ccc(Oc4ccc(Oc5ccc(C(=O)c6ccc7c(c6)C(C)(C6CCCCC6)CC7(*)C6CCCCC6)cc5)cc4)cc3)cc2)cc1,0.209999998
*c1ccc(C(=O)c2ccc(Oc3ccc(S(=O)(=O)c4ccc(Oc5ccc(C(=O)c6ccc7c(c6)C(C)(C6CCCCC6)CC7(*)C6CCCCC6)cc5)cc4)cc3)cc2)cc1,0.230000002
*c1ccc(C(=O)c2ccc(Oc3ccc(Sc4ccc(Oc5ccc(C(=O)c6ccc7c(c6)C(C)(C6CCCCC6)CC7(*)C6CCCCC6)cc5)cc4)cc3)cc2)cc1,0.200000002
*c1ccc(OC(=O)c2cccc(Oc3ccc(C(*)(C)C)cc3)c2)cc1,0.09
*c1ccc(Oc2ccc(C(=O)c3ccc(C4(C5CCCCC5)CC(C)(C5CCCCC5)c5cc(C(=O)c6ccc(Oc7ccc(C(*)(C)C)cc7)cc6)ccc54)cc3)cc2)cc1,0.33
*c1ccc(Oc2ccc(C(=O)c3ccc(C4(C5CCCCC5)CC(C)(C5CCCCC5)c5cc(C(=O)c6ccc(Oc7ccc(C8(*)CC(C)CC(C)(C)C8)cc7)cc6)ccc54)cc3)cc2)cc1,0.639999994
*c1ccc(Oc2ccc(N3C(=O)c4ccc(C(=O)c5ccc6c(c5)C(=O)N(c5ccc(Oc7ccc(C(*)(C)C)cc7)cc5)C6=O)cc4C3=O)cc2)cc1,0.110000001
*c1ccc(Oc2ccc(N3C(=O)c4ccc(Oc5ccc6c(c5)C(=O)N(c5ccc(Oc7ccc(C(*)(C)C)cc7)cc5)C6=O)cc4C3=O)cc2)cc1,0.07
*c1ccc(Oc2ccc(S(=O)(=O)c3ccc(Oc4ccc(C(*)(C)C)cc4Br)cc3)cc2)c(Br)c1,0.19
*c1ccc(Oc2ccc(S(=O)(=O)c3ccc(Oc4ccc(C(*)(C)C)cc4C(O)(C(F)(F)F)C(F)(F)F)cc3)cc2)c(C(O)(C(F)(F)F)C(F)(F)F)c1,0.22
*c1ccc(Oc2ccc(S(=O)(=O)c3ccc(Oc4ccc(C(*)(C)C)cc4C(OC)(C(F)(F)F)C(F)(F)F)cc3)cc2)c(C(OC)(C(F)(F)F)C(F)(F)F)c1,0.260000001
*C(=O)n1cnc2cc(Oc3ccc4ncn(C(=O)c5cccc(Oc6ccc(Oc7cccc(*)c7)cc6)c5)c4c3)ccc21,0.036
*C(C(=O)OC(C)C)C(*)C(=O)OC(C)(C)C,8.999999991
*C(C(=O)OC(C)C)C(*)C(=O)OC(C)CCC,4.999999996
*C(C(=O)OC(C)C)C(*)C(=O)OC(C)CCC(C)C,14.00000001
*C(C(=O)OC(C)CCC(C)C)C(*)C(=O)OC(C)(C)C,16.00000001
*C(C(=O)OC(C)CCC)C(*)C(=O)OC(C)(C)C,12.99999999
*C(C(=O)Oc1ccccc1)C(*)C(=O)OC(C)(C)C,4.999999996
*C(C(=O)Oc1ccccc1)C(*)C(=O)OC(C)C,3.000000002
*OC1C(CO[N+](=O)[O-])OC(*)C(O[N+](=O)[O-])C1O[N+](=O)[O-],0.120000001
*Oc1ccc(C(c2ccc(OC(=O)c3ccc4c(c3)-c3nc5ccc(-c6ccc7c(c6)nc6n7C(=O)c7cc(C(*)=O)ccc7-6)cc5n3C4=O)cc2)(C(F)(F)F)C(F)(F)F)cc1,0.155000001
*Oc1ccc(C(c2ccc(OC(=O)c3ccc4c(c3)C(=O)N(c3ccc(-c5ccc(N6C(=O)c7ccc(C(*)=O)cc7C6=O)cc5)cc3)C4=O)cc2)(C(F)(F)F)C(F)(F)F)cc1,0.0517
*Oc1ccc(C(c2ccc(OC(=O)c3ccc4c(c3)C(=O)N(c3ccc(Cc5ccc(N6C(=O)c7ccc(C(*)=O)cc7C6=O)cc5)cc3)C4=O)cc2)(C(F)(F)F)C(F)(F)F)cc1,0.164000001
*Oc1ccc(C(c2ccc(OC(=O)c3ccc4c(c3)C(=O)N(c3ccc(N5C(=O)c6ccc(C(*)=O)cc6C5=O)cc3)C4=O)cc2)(C(F)(F)F)C(F)(F)F)cc1,0.0355
*Oc1ccc(N2C(=O)C3=C(C2=O)C2C=CC3C3=C2C(=O)N(c2ccc(*)c(OC)c2)C3=O)cc1OC,0.239999999
*Oc1ccc(N2C(=O)c3ccc(Oc4ccc5c(c4)C(=O)N(c4ccc(*)c(OC)c4)C5=O)cc3C2=O)cc1OC,0.04
*Oc1ccc(Oc2ccc3c(c2)C(=O)N(c2ccc(Oc4ccc(N5C(=O)c6ccc(*)cc6C5=O)cc4)cc2)C3=O)cc1,0.034
*Oc1ccc2c(c1)C(=O)N(c1ccc(Cc3ccc(N4C(=O)c5ccc(*)cc5C4=O)cc3)cc1)C2=O,0.028
*Oc1ccc2c(c1)C(=O)N(c1ccc(Oc3ccc(N4C(=O)c5ccc(*)cc5C4=O)cc3)cc1)C2=O,0.026
*Oc1ccc2c(c1)C(=O)N(c1ccc(Oc3ccc(N4C(=O)c5ccc(*)cc5C4=O)cc3C(F)(F)F)c(C(F)(F)F)c1)C2=O,0.09
*Oc1ccc2c(c1)C(=O)n1c-2nc2ccc(Oc3ccc4c(c3)nc3n4C(=O)c4cc(*)ccc4-3)cc21,0.0261
*Oc1ccc2nc(-c3ccccc3)c(-c3ccc(-c4nc5cc(*)ccc5nc4-c4ccccc4)cc3)nc2c1,3.440000003
*Oc1ccc2nc3c4cc5c(cc4c(=O)n3c2c1)c(=O)n1c2ccc(*)cc2nc51,0.013
*Sc1ccc2c(c1)C(=O)N(c1ccc(Cc3ccc(N4C(=O)c5ccc(*)cc5C4=O)cc3)cc1)C2=O,0.027
*c1c(C)c(C)c(-n2c(=O)c3cc4oc5cc6c(cc5oc4cc3c2=O)C2(C(C)C)C3=CC4Oc5cc7c(cc5OC4C=C3C6(C(C)C)c3ccccc32)C(=O)N(*)C7=O)c(C)c1C,169.0000002
*c1c(C)c(C)c(N2C(=O)c3ccc(C(=O)c4ccc5c(c4)C(=O)N(*)C5=O)cc3C2=O)c(C)c1C,2.629999997
*c1c(C)cc(C)c(-n2c(=O)c3cc4c(=O)n(*)c(=O)c4cc3c2=O)c1C,8.440000007
*c1c(C)cc(C)c(N2C(=O)c3ccc(Oc4ccc(Oc5ccc6c(c5)C(=O)N(*)C6=O)cc4)cc3C2=O)c1C,0.731999998
*c1c(C)cc(C)c(N2C(=O)c3ccc(S(=O)(=O)c4ccc5c(c4)C(=O)N(*)C5=O)cc3C2=O)c1C,1.020000001
*c1c(C)cc(C)c(N2C(=O)c3ccc(Sc4ccc5c(c4)C(=O)N(*)C5=O)cc3C2=O)c1C,1.620000002
*c1cc(C)c(N2C(=O)c3cc4c(cc3C2=O)OC2C=C3C(=CC2O4)C2(C(C)C)c4ccccc4C3(C(C)C)c3cc4oc5cc6c(=O)n(-c7c(C)cc(*)cc7C)c(=O)c6cc5oc4cc32)c(C)c1,131.0000001
*c1cc(C)c(N2C(=O)c3ccc(C(=O)Oc4ccc(C(c5ccc(OC(=O)c6ccc7c(c6)C(=O)N(c6c(C)cc(*)cc6C)C7=O)cc5)(C(F)(F)F)C(F)(F)F)cc4)cc3C2=O)c(C)c1,0.548999994
*c1ccc(N2C(=O)c3ccc(C(=O)Oc4ccc(C(C)(C)c5ccc(OC(=O)c6ccc7c(c6)C(=O)N(c6ccc(*)cc6C)C7=O)cc5)cc4)cc3C2=O)c(C)c1,0.0512
*c1ccc(N2C(=O)c3ccc([Si](C)(C)c4ccc5c(c4)C(=O)N(c4ccc(*)cc4C)C5=O)cc3C2=O)c(C)c1,0.093999999
*c1ccc(N2C(=O)c3ccc([Si](C)(C)c4ccc5c(c4)C(=O)N(c4ccc(*)cc4OC)C5=O)cc3C2=O)c(OC)c1,0.095999999
*c1ccc(OC(=O)c2ccc3c(c2)C(=O)N(c2ccc(-c4ccc(N5C(=O)c6ccc(C(=O)Oc7ccc(C(*)(C)C)cc7)cc6C5=O)cc4)cc2)C3=O)cc1,0.0065
*c1ccc(OC(=O)c2ccc3c(c2)C(=O)N(c2ccc(Cc4ccc(N5C(=O)c6ccc(C(=O)Oc7ccc(C(*)(C)C)cc7)cc6C5=O)cc4)cc2)C3=O)cc1,0.0457
*c1ccc(OC(=O)c2ccc3c(c2)C(=O)N(c2ccc(Oc4ccc(N5C(=O)c6ccc(C(=O)Oc7ccc(C(*)(C)C)cc7)cc6C5=O)cc4)cc2)C3=O)cc1,0.0484
*c1ccc(OC(=O)c2ccc3c(c2)C(=O)n2c-3nc3ccc(Oc4ccc5c(c4)nc4n5C(=O)c5ccc(C(=O)Oc6ccc(C(*)(C)C)cc6)cc5-4)cc32)cc1,0.058500001
*c1ccc(Oc2ccc3c(c2)C(=O)N(c2ccc(Oc4ccc(N5C(=O)c6ccc(Oc7ccc(C(*)(C)C)cc7)cc6C5=O)cc4)cc2)C3=O)cc1,0.084000001
*c1ccc2c(c1)C(=O)N(c1ccc(-c3ccc(N4C(=O)c5ccc([Si](*)(C)C)cc5C4=O)cc3)cc1)C2=O,0.109000001
*c1ccc2c(c1)C(=O)N(c1ccc(Cc3ccc(N4C(=O)c5ccc(S(*)(=O)=O)cc5C4=O)cc3)cc1)C2=O,0.032
*c1ccc2c(c1)C(=O)N(c1ccc(Oc3ccc(N4C(=O)c5ccc(S(*)(=O)=O)cc5C4=O)cc3)cc1)C2=O,0.027
*c1ccc2c(c1)C(=O)n1c-2nc2cc(Oc3ccc4nc5n(c4c3)C(=O)c3cc(*)ccc3-5)ccc21,0.023
*c1ccc2c(c1)C(=O)n1c-2nc2ccc(-c3ccc4c(c3)nc3n4C(=O)c4cc(C(*)(C(F)(F)F)C(F)(F)F)ccc4-3)cc21,1.44
*c1ccc2c(c1)C(=O)n1c-2nc2ccc(Oc3ccc4c(c3)nc3n4C(=O)c4cc(C(*)(C(F)(F)F)C(F)(F)F)ccc4-3)cc21,0.810000002
*=CCCC=*,25.09999997
*C=CC1CC(*)CC1CS(=O)(=O)c1ccc(C)cc1,0.06
*O[Si](*)(C)CCCCCC,103.0000001
*c1cc(C)c(N2C(=O)c3cc4c(cc3C2=O)OC2C=C3C(=CC2O4)C2(C(C)C)c4ccccc4C3(C(C)C)c3cc4oc5cc6c(=O)n(-c7c(C)cc(*)c8ccccc78)c(=O)c6cc5oc4cc32)c2ccccc12,240.0000002
